image_id,phash,dhash
cju0qkwl35piu0993l0dewei2.jpg,c169063c1fe3733c,f0e2c8daf2cce0c8
cju0qoxqj9q6s0835b43399p4.jpg,c1c0000707cf7fff,c08000c2c28080c0
cju0qx73cjw570799j4n5cjze.jpg,c16b03ad2fb53e60,d1d8e8b0a0e0c0c0
cju0roawvklrq0799vmjorwfv.jpg,dfbe000403934ffb,9c3131726254dcf0
cju0rx1idathl0835detmsp84.jpg,95b11e41c20e2fef,f8be7eecc8ea7c60
cju0s2a9ekvms080138tjjpxr.jpg,a54b526d12bd52b5,c0823636961686c4
cju0s690hkp960855tjuaqvv0.jpg,90e14f0d6aee0f1d,f09c9e9ebc3cb0b0
cju0sr5ghl0nd08789uzf1raf.jpg,d09505d1335e3f4e,f0f0f0d8d8b0f0e1
cju0sxqiclckk08551ycbwhno.jpg,b54a062c4b358fbb,c2c118989b969efc
cju0t4oil7vzk099370nun5h9.jpg,d4e11614621f6afb,fc8e049494b4787c
cju0tl3uz8blh0993wxvn7ly3.jpg,c03f0c6e13fc5e70,70f0f8d8c8e4e0f0
cju0u2g7pmnux0801vkk47ivj.jpg,c01d17ee5ae01f4b,f4fed88c9180ccec
cju0u82z3cuma0835wlxrnrjv.jpg,94e116d5571a6aea,c4c6f7f390f03860
cju0ue769mxii08019zqgdbxn.jpg,9cf11581520fcee7,dcbe2b33bdfb7674
cju0vtox5ain6099360pu62rp.jpg,dc630cb2610de7e6,c0e160c2287c7070
cju13cgqmnhwn0988yrainhcp.jpg,d4e10011431f7bff,c080001032707070
cju13fwthn9mq0835gacxgy01.jpg,ff34004d436b5e4b,ccae2f0f236362e0
cju13hp5rnbjx0835bf0jowgx.jpg,94b10437d312fafa,fcfeb81818206060
cju14g8o4xui30878gkgbrvqj.jpg,96630470de27ccf3,f4de6e2e3c3e7c70
cju14hjh2ob2o0835ouz3r5aa.jpg,94e1144b631e76eb,f0f0e0e0c1e03c74
cju14pxbaoksp0835qzorx6g6.jpg,96c904a5551577f6,e6e3282c6c6c6464
cju15czxqp3lv0835jvhgzurz.jpg,d461179c500f8ff3,c080418090306478
cju15jr8jz8sb0855ukmkswkz.jpg,9495265633d87f70,fcf4f0f0f8b0a0e0
cju15l5ubz9yh0855b3ivdpse.jpg,d4610281eb0fbbdd,c88480c490e06070
cju15mhjczc8z0801kit5c6di.jpg,84b1165d531e5af3,eceecce4d0f07061
cju15ptjtppz40988odsm9azx.jpg,c06e01e817b4dfad,c0c3848cc49098d8
cju15wdt3zla10801odjiw7sy.jpg,c769547607ed1e90,e0a2cbc7ceccece8
cju160wshltz10993i1gmqxbe.jpg,8ca115d5561e7af2,f6faf97511606064
cju16ach3m1da0993r1dq3sn2.jpg,853b13dc46ec3a3c,f0da3fe6e6f4a4f4
cju16b6ynq8e40988m8vx0xnj.jpg,97c0148457074fff,cc9a6b735c767e6c
cju16d65tzw9d0799ouslsw25.jpg,9e70508756e65ad3,fcf2b07068686870
cju16fpvhzypl0799p9phnlx6.jpg,97d144085f233afe,f0f85d5a79396c74
cju16jgnyzp970878melv7r25.jpg,d00f00fc0b6dbff0,e0d84000180c80c0
cju16whaj0e7n0855q7b6cjkm.jpg,843f54ebc7381af0,70e6b973c2e2b0e4
cju171py4qiha0835u8sl59ds.jpg,959145357a70e6c7,fcfac2981c266664
cju175facms5f0993a5tjikvt.jpg,d16a00996bff8eb0,e1c8084332b0b0d0
cju17bz250pgd0799u1hqkj5u.jpg,d11f00fe07fa83f0,d8f0d818388188c8
cju17g6ykn1cs0993dww6qdi8.jpg,907b43ed8e951bd0,70c8dcbcf0f0f0f0
cju17hw9hr9c5098800fu4u8e.jpg,85891515565e5e3f,f8bab3a7def6f6e4
cju17otoe119u0799nqcbl8n1.jpg,853d526323ec1ef4,ccf27272f6e2e2e0
cju17r8il13910799dr2wme2e.jpg,c4e11423531edafb,f8e0e0c041616070
cju17v6ih0u7808783zcbg1jy.jpg,c4e41b961636f61b,c4e2c6c4e4e4e8f0
cju17x0j4nfc10993y31pvlgs.jpg,9536d653421e7a6a,dc9ebfe7d31a0800
cju17z0qongpa0993de4boim4.jpg,95e595155a74d25a,fcbe3e7678f8fcf8
cju1819curo000988pd5xcqme.jpg,c12d159e47789f70,e0c2c2c0c0f0b0c0
cju183od81ff608017ekzif89.jpg,c42f017517785fd8,c6c72306068692d0
cju1871y11d6r0799k6cw4yze.jpg,d03f5ee1521cca27,ecfc3c9cca8ac4a8
cju18849rrsgr0988p90hkygb.jpg,ddcc12004b8bcb7f,f8a4627072fa787c
cju18gzrq18zw0878wbf4ftw6.jpg,95b5174a4804defb,ecce0e860b387878
cju18ibp219ub08783i6o98g7.jpg,95c9563552575a9a,fcf6729e9e9edcec
cju18kevfrojc0835bn90f1in.jpg,95b515c15ada7a86,fcfefcf0c8e0f0f4
cju1alwgo30z60855fm3y23sm.jpg,d0e51e09f21b34f6,e0c48c8888f2787c
cju1amqw6p8pw0993d9gc5crl.jpg,d02f01bf40fd45bc,f0f03088e87838cc
cju1aqqv02qwz0878a5cyhr67.jpg,95e35413461d7a7c,ecfcbe3e3e3a3074
cju1ats0y372e08011yazcsxm.jpg,ce4f003e06fe3b8c,e0e260646d0da890
cju1b0y2e396p08558ois175d.jpg,d4f1040152175fff,dc8e171238387070
cju1b3zgj3d8e0801kpolea6c.jpg,853e1ef062e34e3c,7cf0e0c0d0e0f0f0
cju1b75x63ddl0799sdp0i2j3.jpg,95a5155456525afe,fcfefbd9ec6e7c7c
cju1bhnfitmge0835ynls0l6b.jpg,9c214ee5781f69d2,fcfe3e3e1e666070
cju1bm8063nmh07996rsjjemq.jpg,d0c00e0f5b1ceaef,e0d89890d0e26460
cju1brhsj3rls0855a1vgdlen.jpg,d5fd118104c45fe7,f8d860e4f0f8f8f8
cju1c0qb4tzi308355wtsnp0y.jpg,947302c0631f7be7,9cbc3c3c34f07070
cju1c3218411b08014g9f6gig.jpg,96c1154f432d6ef4,f0f8ede1e1e17474
cju1c4fcu40hl07992b8gj0c8.jpg,94e10601521f6fff,c4860c3818786864
cju1c6yfz42md08550zgoz3pw.jpg,93c763334c6719d8,f8f8f868b01838b0
cju1c8ffau5770835g0g343o8.jpg,953c50c3c33f1e3c,f0b234e0c8f0f0d8
cju1cbokpuiw70988j4lq1fpi.jpg,957314ca66c93a67,f8f0f8f0e0f1f2e4
cju1cdxvz48hw0801i0fjwcnk.jpg,d4e31e14623c6ae7,e4f8f090c0f030b0
cju1cfhyg48bb0799cl5pr2jh.jpg,803e45e857c17ee3,e4ecac8c9ca3cae0
cju1cj3f0qi5n0993ut8f49rj.jpg,c03e1fc447393fe0,c4cc8c868484c0c0
cju1cnnziug1l0835yh4ropyg.jpg,99631c26d3ed229d,f0e850193835b2b0
cju1cqc7n4gpy0855jt246k68.jpg,c03b478017ed77d8,d49297ce8c96f0f0
cju1csmlc4ht10799b8ymmghg.jpg,94895677d2da4ac9,fcb6b3b1b06c7c7c
cju1cu1u2474n0878tt7v4tdr.jpg,95a15547561e7ae2,7cfabb7fdefe7c7c
cju1cvkfwqrec0993wbp1jlzm.jpg,d461042b521dfaf7,e4e6e6100c347270
cju1cyjb5qtie0993njqne9m3.jpg,9e615061530f6af7,98bc3f7b363b6474
cju1d31sp4d4k0878r3fr02ul.jpg,c03f07e418995fc7,c6e638b890c0c0e0
cju1d50a94qf50855wsowacrc.jpg,d0e0000f630f7bff,80909080c0606068
cju1d96gsv62d09881b3wecw2.jpg,c5895215174e6b6f,d8f0f3c6c6caecd8
cju1ddr6p4k5z08780uuuzit2.jpg,e59b1076007f0fd9,d4825307070786c0
cju1dfeupuzlw0835gnxip369.jpg,d1fc0003032f5ff7,80800058c85888c4
cju1dg44i4z3w0801nyz4p6zf.jpg,d0d2020b7b6d2bcf,f8b8040e1a3a34b8
cju1dhfok4mhe0878jlgrag0h.jpg,94a1155556577ace,eefbfbfdbd7c7c7c
cju1dia8hvc6v098827mgffnm.jpg,953d54406ac57a9f,ccbe7efaf8e8f4fc
cju1djtprvd7b0988thwwrg09.jpg,c02b03bf4be46f34,c0c88400000484e0
cju1dnz61vfp40988e78bkjga.jpg,ea1d555a51b217b4,f0e767e3e3e3a390
cju1dq3x1vgx109889c7wyirg.jpg,948547575a0f7b98,ece6b6b0b0366e3c
cju1drnhbrb9409935wi7vkhg.jpg,902b57dd5e651a8c,d8c90b1fb6b8f8fc
cju1efbr0rqxz09931z0lf4vf.jpg,952d40d703b51f7a,e4b236767474b8f8
cju1egh885m1l0855ci1lt37c.jpg,95a556565a7e4a32,fcfefff6def66c78
cju1egx9pvz2n0988eoy8jp23.jpg,91e41315d6965ade,fcc6e5a4b0995858
cju1ejj7dvqfa0835ra184v5m.jpg,9a6b55255616caf8,f8db991999b93c7c
cju1erep75us208553i4ofwwe.jpg,8d7010cfdb2c13e7,dc9c1e3662626270
cju1euant5l960878iqj5vvto.jpg,85a11457d61f5acb,eec6d34614bc6270
cju1euuc65wm00799m4sjdnnn.jpg,d03f416e427d4379,c0ec18a8b0c0d0c0
cju1ewnoh5z030855vpex9uzt.jpg,d21c01671bbaefe0,d8ac3c1c894c8cc8
cju1expq45zst0855rjqwwj4m.jpg,c13f4a6e477c9a30,70d8f8c0c0c080c0
cju1f15k3w4ct0835cmde6ypo.jpg,96630c906b26ddf6,d0f0e0d898bc3cb0
cju1f320ewfyu0988ndz6blh5.jpg,8c5395aa54ad72cd,f9f02091133bb2b6
cju1f5x1164xv08555654c24r.jpg,85c2568dd11ddad3,f0c791aaa6f67672
cju1f79yhsb5w0993txub59ol.jpg,85d2151e575b7668,f8e0c0c8a5e6e2c6
cju1f8w0t65en0799m9oacq0q.jpg,973e505100957b7f,ac2e6d646652f0f0
cju1fb9236a110801yvg0fwju.jpg,cce115915717ced2,8e93310181a46460
cju1ffnjn6ctm08015perkg37.jpg,95e11041571f5eee,dc9a2f664672707c
cju1fj6axwfp30835ukhuzhw9.jpg,9770574c58274add,fcdc6cfef6646c6c
cju1fjsb4sipq09931lvd8e41.jpg,9e610cb2e509f2f5,d8d838231c7c7060
cju1fm3id6gl50801r3fok20c.jpg,9fe11077da107af0,f8e2e06060607070
cju1fmsyf6gxb0801cimx2gle.jpg,d54b100a48ff48ff,f0d048e060cc4c9c
cju1fr4etsmrr09933u4t4aql.jpg,95604a9d5a9646fb,b686c66c3e7e7c78
cju1ftaji6isw0855108yqcse.jpg,95d878c33495f433,f2b9bceccce66abc
cju1fuoa4wmc50835qfd11sp9.jpg,d1b4044b03f65ff4,c8c80008494988c0
cju1fyb1d69et0878muzdak9u.jpg,c5ad1514565e5e56,f6f2e3616140c8c8
cju1g20bdwq6u0835e16xugcd.jpg,9fa1047dde14dae0,74f6ef6d693a7264
cju1g4nsb6ngy0799l4ezm8ab.jpg,95b5505d425e1bce,fcbedecee6f2f0c8
cju1gghyjwxt80835vx0wgxw0.jpg,9cb50711d2735a7a,fcee3b39b1717c68
cju1gi7jlwyld0835cdf6g6qz.jpg,843e5b6b1aec3ab0,71f8f4f0f0e0e0f0
cju1gkndf6yi10801o1qnje19.jpg,b5b41442535b5be3,8c1e1b7bd3c3cecc
cju1gv7106qd008784gk603mg.jpg,9561150a521ff2fb,cc96964698f07074
cju1h5w4wxajx0835mc954kxy.jpg,96e932186c977ab4,f0f0e0e0f0f8fcf4
cju1h89h6xbnx08352k2790o9.jpg,9466774c10395ede,ccccacd8b0f0dcfc
cju1haab178i70799tk9z8y8x.jpg,90631c0a6729faef,f0b090c2e8f830b0
cju1hhj6mxfp90835n3wofrap.jpg,d4c10517d20e6dfb,fce2838988bc70f1
cju1hirfi7ekp0855q0vgm9qq.jpg,912f16ad1b746bd0,f8f0e0f0f0f2e4d8
cju1hmff8tkp809931jps6fbr.jpg,95e0529e5b316e59,f0e0c0f8787c3858
cju1hp9i2xu8e0988u2dazk7m.jpg,94e71a546b146bd6,f4fcfcfcfcfc3cb9
cju1hs0za7jha0855vj0mdrjt.jpg,9ce0578a56395a37,fcf83c367171fb7c
cju1hyolc7aqu0878rrkfn1lr.jpg,c163042e47af4fdc,c48894c09023bed0
cju2hdr06v2bq0799mbm3bks1.jpg,a581156d564f5a6e,defeefcfa626663c
cju2hewssldzx0835ep795xu0.jpg,dce20203d30d6ef7,e8a0201014b03838
cju2hfqnmhisa0993gpleeldd.jpg,84611e17c21f7b67,f0f8a0e0c0f06060
cju2hgsptlfam0835o3b59h1o.jpg,d01f1ef850fb7a01,78f8e0c0808084f8
cju2hjrqcvi2j0801bx1i6gxg.jpg,9d610075cf03e8fe,e4f8fe763c3c7860
cju2hlm19vjjf0801o69qnber.jpg,c1a5141d0a572ffe,d48ecec9893af0f0
cju2hos57llxm08359g92p6jj.jpg,d4694aa426667e6b,f0f0e8ecececf4f8
cju2hqt33lmra0988fr5ijv8j.jpg,9d2644dd7e007a9b,7cfebf7d7978f0f0
cju2htabevq9108015qjei0x7.jpg,95d14e0b4a4acbaf,f8bc3ebcfc7c6c60
cju2hugv9vget0799hhk7ksvg.jpg,c03f06ea1ffc5e20,e8e8b0f0808080c0
cju2hw5gjlr5h0988so2qqres.jpg,94e11715561e5bf2,dc9e9fa2b2f264f4
cju2hx006vidl0799igm81vmh.jpg,c5c0100f731f1bfb,f8c4c8c0c4e0747c
cju2i03ptvkiu0799xbbd4det.jpg,979516525bd85e92,6cee6e78d8ecc4c8
cju2i3hzclw3o0988rrgh911i.jpg,86611ec9f20d3ee6,f0dc64d0c0f26068
cju2i6acqvo6l0799u20fift8.jpg,cce30600d10fcfef,e42c2630a0a46460
cju2i8br1vqtd08784u6vmcjk.jpg,94e5124c7b0f6af8,fcfc3c6e30307038
cju2iatlki5u309930zmgkv6h.jpg,952d45d51b725ec4,76f6a69cfcf8d8d8
cju2igw4gvxds0878808qj398.jpg,d6e01001d313dff7,98a061c9c0602a68
cju2ij9uiic2l09933ljiv6gm.jpg,9c611439621fd3eb,f8f8f8fdf7f87878
cju2lberzkdzm09938cl40pog.jpg,c53d14fdc3340ef0,3c76f7c2800080c0
cju2lcyfgkf5809932fn9gucn.jpg,803e55af55f85a70,70f4b9f3f6f3f0f0
cju2lejzcy4pc0878c9rlonot.jpg,914b049b556acdbb,c4cc168dda56bdce
cju2lyynuymli0855g7fxgbhe.jpg,94710a6b6a0d6afd,f89c0e0606207060
cju2lz8vqktne0993fuym6drw.jpg,dce10c25f20d72e7,d0d0909004747070
cju2m56cryvqd0801gtn2yp8t.jpg,c16313ab02bc4f3f,cccc8480c0c0c0c0
cju2m71z2ywwv080131bcrsd3.jpg,c13e413817f00ffe,f0e0e0e8c4f092c0
cju2ma647l0nj0993ot4deq2q.jpg,9c634433d83b7acc,ecec24b8bc3c34b0
cju2mfjndoz700988b9lc3zeq.jpg,906b5564c41fdae9,c693d9f9cee47874
cju2mh8t6p07008350e01tx2a.jpg,c598246b87cd9e9c,c69838d0c2c1c2cc
cju2nbdpmlmcj0993s1cht0dz.jpg,9561568573976ad1,f8fcfcf8fa7c7c7c
cju2nd7l7z98o0799gfjvyfmw.jpg,d02f00df036d4fbc,d0a040405030b0c0
cju2nfnvxzdkd0878399axlco.jpg,dcf11000c3077bff,80a0004040242460
cju2nguelpmlj0835rojdn097.jpg,91e01113574f7e9b,f8ba270688d8f0f0
cju2nnqrqzp580855z8mhzgd6.jpg,91655a8731165bde,c4a321cecad878b8
cju2np2k9zi3v079992ypxqkn.jpg,94630e97730ccbf2,cccc92138cf03070
cju2nqapmzvk20801f9us40dx.jpg,94611e29ca076ff3,d098dcb4907c7470
cju2nsmwjlzyl0993jl80chvz.jpg,9561109c4e0fe7db,bc98c8e0f07c787c
cju2ntxtdzlvu0799xl3j9pan.jpg,9f6d02005e036eff,fc3c3c3c3c3c787c
cju2nyc5f02m40801ojqbtiea.jpg,d4e11827d61d72e9,fcb0b26444e83078
cju2oi8sq0i2y0801mektzvw8.jpg,d07b056c41e81f9f,e03818981c30b4dc
cju2okvco06xc0799kxe5n1qh.jpg,95f04e9b50157ace,f8e0ccdce8e86060
cju2omjpeqj5a0988pjdlb8l1.jpg,85a41fd652175a7a,ecdece8e8cec6878
cju2oo0wh0bqy0878biujeyhe.jpg,9394041b73986efb,fcdcac9858287869
cju2oq5570avm079959o20op1.jpg,9ee3540143174aff,dc2e7f7f17f66464
cju2osuru0ki00855txo0n3uu.jpg,c1e91d1504d07f5f,f2c341c1e0f8f0f0
cju2otvvv0l7z0855x7we8cb0.jpg,9572448b41ee1bfc,f09c2cadda5b66f4
cju2ouil2mssu0993hvxsed6d.jpg,94cb17996617c8e6,f0f0f0f0b0b87c6c
cju2p0eveqtdc0835gpi3p93i.jpg,c63319cc463b39e3,f0e6cdc5e4e0e0e0
cju2p4ddkmzxj0993p94o62av.jpg,956e46992ae69aa5,f0f6ececfaf8f8f8
cju2p91qir00k08350ddfif0w.jpg,d53e40ff44b81758,dc9e3c76727c98d0
cju2pag1f0s4r0878h52uq83s.jpg,95e0550e51994e7f,f4ecf2fa6c65787c
cju2phaksnahz0993yxogjcpv.jpg,95a5575552566a1e,eede9f9fb6b6bcd8
cju2pjb9v0ywn0878j5g5n69j.jpg,812b47d417d9dae4,d2831b13b3f0d2c4
cju2pkwt3r8b90988v2ywq1px.jpg,94611e9ec083e3f7,fcbec6d0b0706460
cju2pmhtr17a00855cvpelzb0.jpg,94e11e56721a6aeb,fcf4f2f0f4fc7c74
cju2qdj95ru8g09886gfi9rsz.jpg,94631e8fc23e5ac9,e8c0c0e4e4f430b0
cju2qfie4rvz508357kad9z5o.jpg,d11f019c06fe1f3c,ccdc9cac9c9888c8
cju2qh5le1ock0878oahaql7d.jpg,94e1149643176fde,d4b8d0d8e8ec6c70
cju2qn2fzs1vy0988l243cvzy.jpg,9d6255365b267ac8,fcfc7f7ff37c7470
cju2qozsk20cq0855ugrg3cri.jpg,94f11c34570b7ae3,b8b8f8f064347660
cju2qqn5ys4uo0988ewrt2ip2.jpg,9cc10571d427dae7,f6f2f1f179396a74
cju2qs32r1vys07999conmbvx.jpg,94f1120b4a1f5eed,d89cb4a6a2e07870
cju2qtee81yd708787bsjr75d.jpg,a41a55ef54e85a65,7ceec787c74786c6
cju2qu37qobl50993aw7ghcfq.jpg,85701fc3780f63f8,d0f8dc9490e070f0
cju2qvuj1s9ok0835tp2k4ozh.jpg,bcf20040750bdaff,b83c3c3e3c3c3c3c
cju2qxxko229x08786gvxxhur.jpg,97e146395af3424d,c4f4ec7c78787860
cju2qz06823a40878ojcz9ccx.jpg,84a5151553177bfa,dce6e6cce8f87070
cju2r11x7sdgx0988o8ule0wl.jpg,c00d1fbe7c783b60,70e2c2848c8c88c4
cju2r2obh2bjm08553kng0rh7.jpg,95c1629d4a73ca5e,d8f0f0f8f8b8fc6c
cju2r6mt2om21099352pny5gw.jpg,909a47431b7b3b9a,f8a4b830b4b4e0f0
cju2r7h21sj9608354gzks3ae.jpg,94e11e256a1f7ae4,d0d0e0f0a2ec646c
cju2r91dg2k090801bh0xzbxk.jpg,f143043c10e3c7ff,c4924b9b3f2f9e9c
cju2raxlosl630988jdbfy9b0.jpg,85b1149156da5bcf,dccee3f3ead2e464
cju2rga4psq9n09881z519xx0.jpg,96610c23db2d6dd5,c1c8c0a998ec6c78
cju2ricdv2iys0878sv1adh0u.jpg,94a514d41fd0fe71,f4eeccd8d8a8b0f8
cju2rkjfwoxys0993x768l1j2.jpg,c1bd35c516f60ae2,d6e2f1f1f1c0c0c8
cju2rlqdnoz9k0993cpjae3x0.jpg,9561423b5a36e87e,e0e0e6fc78f87c78
cju2rmd2rsw9g09888hh1efu0.jpg,cf70052a512a4ff7,e06064e920616868
cju2rn0hasxri0835nfy3buay.jpg,94654ccb5206eef9,e4e6f66c98fc7c70
cju2rnkt22xep0801as160g9t.jpg,953f40ec0e295af5,7cfcbe7e7cf0f0e4
cju2ro5jqsy680988pi6qsujw.jpg,94e116cc5a0f6afa,fcfc3c3a3236747c
cju2rpa30t07b0835im0erql0.jpg,c49b196617691f6c,e0e0c0c8c4e482cc
cju2rqo702wpx0855fn7d5cxh.jpg,c097096d1f7c6e64,f0d88c88c08080c1
cju2rxm8rpbaf0993o3qr2oph.jpg,a748552a552f52bd,e086d7ef1f4f6e6c
cju2rz4k434s70855wwx3ddtx.jpg,84c10fbfda1ab4e8,78c0a099206e6e60
cju2rzpsmtb0f0835jabkbao1.jpg,c06a05960fab3fda,c0c080c0e0e0e0f0
cju2s16zp317h0799gr67jqc2.jpg,d4611c316307dbe7,d4b4c1c1d1f86860
cju2s2527pfyr0993l3h1149a.jpg,d087017f07f83e99,e0c0800c181698d0
cju2s9g11pnra0993gn4eh793.jpg,9ff34000639d336f,f838787074f06060
cju2saez63gxl08559ucjq3kt.jpg,cdc100373f1dd173,ca83032307243030
cju2sevf53lkx08558h5bpaig.jpg,d4e10e0fd10d6af9,e0e0c0c4ccec6070
cju2sggy13na70855tbeoqgha.jpg,91e51755541766da,f4faf9b3b9f87878
cju2spdagu1l50835da1f46fr.jpg,c07f58a00e3d71ed,e1e040e4e4c0c0f0
cju2srvy5440s0801y1ba9akr.jpg,91a7474c46dc6e9a,ecd8fc9cbcb0b0d8
cju2sszfq3uye0878sucelzk2.jpg,c13515fe4057d387,d6dade928129e0f0
cju2suk42469908015ngmq6f2.jpg,959516545b56764e,fceeced8d0c4f4f8
cju2sxf3iqbpv09937iksn8ep.jpg,84e11675d44f52ee,e4cfc3c3a6e26674
cju2syxa93yw40799x2iuwabz.jpg,c03f076023703eff,c0e2a081c180c0c0
cju2t16vuucaq0835xcpsivn2.jpg,85e10631de27da73,c4d4c26232366660
cju2t2ivz43i10878zeg8r1br.jpg,c1de002a0ff86bbd,f0e8c8c0c0c8c0c0
cju2t3ibkuecr0835o7si16zv.jpg,962154cd7a1eeaf0,7cdcf87cf4e06070
cju2t62nq45jl0799odpufwx6.jpg,95c945594e926f96,d2f2eedc9cdc8cc4
cju2t9tdwuk700835kv0ljmtl.jpg,d0c106df030eff1e,cc88888018302031
cju2ti1du4idn0878giuozonw.jpg,96c9550355415f7d,f8fc7cfcecedecec
cju2tjrog4jy30878pawyazqc.jpg,95b7159554d652ca,fc7e7d74f6faf8f8
cju2top2ruxxy0988p1svx36g.jpg,94cb640850b35bff,fc6e5cdcb83c3cb4
cju2tpfa5uyx408359datxqqj.jpg,d591007d42767f1b,d0f8e8ccc86ccce8
cju2tqfgw4oat0799rn0g5b2z.jpg,903a46650bb19ff6,f0cdbc98dae0c8f8
cju2trbpkv0c00988hxla5dzz.jpg,9f614072fe25eaa2,74f0f6766c787070
cju2trtjf4qjd0878a2zle9v9.jpg,c4b933441ed23eda,fcd2b1b0e2e4e0c1
cju2tvrvm53ws0801a0jfjdxg.jpg,99e446073b076eea,f8b0b078b8787878
cju2txjfzv60w098839dcimys.jpg,856857aab4ab5359,e1f0f0f6fe7c6e7c
cju2tzypl4wss0799ow05oxb9.jpg,946318bdd72c6a69,7cecc7e46e687878
cju2u2b9o4zvp08788qb9nqxj.jpg,97c100075f3f6cdc,e8f8347858783878
cju2u4pymvc720988wsxrmi84.jpg,c01e16ff3ef82ac0,70e080800082c0c0
cju2u73dj53oz0878486k8k4b.jpg,85315c475a4f3aa7,fcfeefc3c4c0e070
cju2ueb6j5ado0878vf5md13o.jpg,d565106c11cf5ba7,c4c6405ab633e8d8
cju2ulk385h170799rlklxob0.jpg,95b5345652466b6b,fcfefaf8f8e0e079
cju2uokeg5jm20799xwgsyz89.jpg,90795184476b1ff6,d89899a9ecf4fcec
cju2upu4evw7g08358guwozxv.jpg,c13f02ad0bad4f74,f1c80012908080c0
cju2urqpwvxw70835rvndvtsi.jpg,c58516f52a5df90a,f0e0f6939312e060
cju2uwz9f5yf1085506cfamfx.jpg,977055945539473b,dcac5f797870786c
cju2uy8ox62jo0801g88hh42z.jpg,d59d000213fd7e7c,f8e81252d0c8c8d8
cju2uzabhs6er0993x3aaf87p.jpg,c53900de5b923fb2,c8e2e24040e0e0e0
cju2wtwj87kys0855kx6mddzw.jpg,cc611fc561147de3,86235180c2f07061
cju2wve9v7esz0878mxsdcy04.jpg,c01f01fa47e63f38,e0f0e8e0848084c4
cju2wx0gh7fpz0878wwyd9ep8.jpg,912f44bb136c7ad8,f0f2b7fef898f0e0
cju2wxv0hxs2f09884w48v8fi.jpg,9525843557765a7a,e4b63b0e1a1ebcc8
cju2wzu8wxtgu09880ku9x1pg.jpg,c53b56671ac66b18,f4e6e2cacac6e6e4
cju2x7vw87mu30878hye2ca0m.jpg,c039049b11671fff,d09001091951c2c4
cju2xa3i4y0160988i679zsqd.jpg,d10d04f1367d3f34,e6e03838989898f0
cju2xbk0080y80801eghyddi2.jpg,841e157b5779d261,7cf4e4c0e0e1c2cc
cju2xd75m82720801q4s4ik3n.jpg,954d56364d33469d,dcb693b3b60c9cfc
cju2xf8e5y2wm08359vcgk09b.jpg,b5e24c95d1951e63,dc070d9c9e3ebeb4
cju2xjz2ju8pe0993ysv9wg17.jpg,dde6100c731c53cf,f8f0505060703078
cju2xlcqxy9c60988vjacdznb.jpg,d436127e0a7adb68,fcec8a021208a0f0
cju2xs6na81t20878pt6nkfip.jpg,9139056615db4fad,d89c1a99acccd8f4
cju2xwm1s84l50799i60mq0pu.jpg,94f114434a0fdef3,f49c3c979bb97264
cju2xyd9vyi7m098831qcucse.jpg,c19d135e4bc91e9a,ccce9696868686cc
cju2y0z6g87p10878fpk5d3rq.jpg,c9a00775dd163e5a,e6c3b1f150466070
cju2y26c588bo07993ksd8eoz.jpg,94e917495d107eb3,f0f0f4f4e2f0fcfc
cju2y40d8ulqo0993q0adtgtb.jpg,c03f43e9067c3b71,d0d22ca4c08282c0
cju2y5zas8m7f0801d34g5owq.jpg,912c0ee35ab81ecf,74c6b898dcccc8d8
cju2y8s56ymqr083541ggdsml.jpg,94611dc2c18f3e3f,fcfe7ce0c4e87060
cju2yb31a8e8u0878wdashg7o.jpg,94600f63f11e73d9,eca6b69c9ccc60f0
cju2ycp1u8g2r0799jslnp7cz.jpg,9421165fda0eeaf2,7cfebe1a18287070
cju2yg5ht8i4p087800js8hp4.jpg,94d1554c42377af9,f8f89c0c8e6c7e7c
cju2yi9tz8vky0801yqip0xyl.jpg,c4cc13261e733e5b,e4e6e4e4e4ccc8c8
cju2yljr0yzhw0988ecf271ly.jpg,d5d510344d5b5b4e,f0a0f07060e0f8e0
cju2yo1j1v0qz09934o0e683p.jpg,94e145818687d7df,ce93278c9cbc786c
cju2ysg748ru80878sp6j0gm0.jpg,d4e9940007175f7f,c493316062313424
cju2yv4imv6cz099314jveiib.jpg,c14f013e06996f9f,e0e0c0c0c68690c0
cju2yw4s7z7p20988lmf2gdgd.jpg,85e15516550f16f7,d4f8fbe3f9f17070
cju2yyhsp933j0855hp32e012.jpg,95a15bc752de621a,f8fefef6f666743c
cju2z1nxlzaj40835wj81s1iy.jpg,dc611471de03dae5,dce0d0e020386a60
cju2z2x3nvd3c099350zgty7w.jpg,95a15557529c4eea,fcdeb3fb7c7e7278
cju2z45kuzf6d0988nz2c819m.jpg,c03f1f6a186e536c,69fcf4a880c0e6d0
cju2z6ez69g4u0801qwt088lw.jpg,cde3320823292ff7,c16060626472306c
cju2z9vlp9j0w0801oag91sy9.jpg,cef10068df03d2e7,d488c94864216260
cju2zblxw9848087853csbrx1.jpg,952d54745f725e90,76f6efdfdeecfcf8
cju2zdhsczmn50988z64qwg2q.jpg,85951e55c61e73e2,fcfadae0ced030e2
cju2zdvjn9h7r08553cp4eed5.jpg,d5356bd465cb5604,1efefaf2a418c100
cju2zgbj9zmrw0835nnlzxj4c.jpg,8eb11515555ad2eb,dcebc9e9c2e46166
cju2zi4l09f5807991s8do2b2.jpg,d4c104165b1fcf76,d484a23214383c74
cju2zjcvj9qma0801dk71hhi0.jpg,9ee7400c6ada62f9,e8ec6a6830707078
cju2zkpdl9h7t0799ix60teqg.jpg,94b5515746f25a5a,fcfebc3c64e8f8f0
cju2zm0axztpe0988r8s9twjr.jpg,96ba004143677b7f,9c3c3c7c7878e0e0
cju2zo0fwzv580988qlijd2xa.jpg,95a11656521d7aee,fceefedae2f07878
cju2zp89k9q1g0855k1x0f1xa.jpg,95211eebd21c7af0,76cebefec8626060
cju2zpw4q9vzr0801p0lysjdl.jpg,94631c2f520fd2ed,d0f0f8e8e8fc3270
cju2zr3c3vwb00993jn06bbaz.jpg,dce71d0463164dd6,e4d0e0e8d0f030b1
cju2zrojo9kcd0878ld2epejq.jpg,94e154755e175ae2,e4f6fdfeaebe6c7c
cju2zwg05a0oy0801yr73ig7g.jpg,95c9525e52057af5,f4fab6f63e3e3e7c
cju2zxja9w1eh09933609ho9z.jpg,d4e11607db1e7ae0,f8d4889088e83470
cju2zy1e49pqk0878t6ncqn12.jpg,9ff14401d7cb10cf,fcac74787c7a6a60
cju300m3s04fg0988uzupuf7z.jpg,91c951061f3f7a78,d090947cecccacd8
cju302fqq9spc0878rrygyzzz.jpg,d72e009909c47fde,ec4c44025058c8d0
cju303j5r062k098835zxfds5.jpg,d4e10303c70fceee,c898902004a07060
cju30525w04r10835ygp257sb.jpg,d5e10490f20ddaf7,f4c8d20319387260
cju306x7w05nb0835cunv799x.jpg,959c05315dca5fe8,fcec64203818c8c8
cju30ajhw09sx0988qyahx9s8.jpg,852454d556667adb,c4e6a3e7f3f9f0fc
cju30bmab08bi0835mvlr6e0r.jpg,97a5101157d75a7a,ccae676677187838
cju30df2j09dd08351ayx2t6w.jpg,94e1163a721b6ae7,f8f88a888c307874
cju30ftgja7170855xl9bkdm0.jpg,94c81627528edee7,e0f0b2f0cc6c6c6c
cju30gxjq0djk0988jytm49rs.jpg,94a50d5bd2166afa,f0e6ceccccf06060
cju30ia8da2bq0799klnehml2.jpg,896f95805195579f,96136b43bbf1f0fc
cju30j1rgadut0801vuyrsnt8.jpg,d5b44057015657fb,d8b03c3c3810e0f1
cju30k2z40ds308353kdew70n.jpg,806d17c867e67e49,f8f8e0c4f0f0e8cc
cju30lncba3ny0878jwnous8n.jpg,c17a04270bcc9fbb,c08011314b42e0f0
cju30mm25a53s0799qa5wiqe8.jpg,d13d12690e615fe5,f0ececccc0c8ccc4
cju30nyxe0gfb0835p256yoju.jpg,c4e10a94eb16a7e7,d0c0c4ccc4646460
cju30ov1oah920801mi8thuyg.jpg,9793554151545ed7,f8f87cfffaf8fcf8
cju30qbm1ad3x0855znuhpz9u.jpg,85371095d5565eda,de9f2f66e6e6e0f0
cju30u1hbakn808019g15nb8b.jpg,c09316f41f02ff1b,d8c8c0800080c061
cju30xqmh0ni00835ix3batv1.jpg,c03e006d0ef33f79,e0f8c84440c080d0
cju30ywtc0oar0835bp2en7ec.jpg,813d1dc1455e5e7a,f2fa7fc7cfce9cf8
cju310f6val1v0855xo8tc3gu.jpg,84e11645d31edae7,dceee191c3e16478
cju3128yi0rpu0988o4oo5n8n.jpg,942d4bb216c96eda,e4e6a6ee2c8cd8f0
cju31rb7vb6110801p9rhacuw.jpg,94e157115a1fc379,fce6e268b2fc6674
cju31t8xd17bk0835rnb893jk.jpg,c43ec23c0f9c3b74,f0e00c2626c0f0c0
cju31ugmfb3dz0855xtqshki6.jpg,94c156475b1baab5,f0fcf3f1f2797c3c
cju31w6goazci0799n014ly1q.jpg,8034557e566e7be0,fcfe9fbfaff3f2f8
cju31y80qbawn0801twwm2l5s.jpg,dc610497eb8dccf0,79acb031203030b0
cju320gyvbch60801v2amdi2g.jpg,949545944b4a7f5b,e4e4b8f8fcfcf0f0
cju323ypb1fbb0988gx5rzudb.jpg,91a755d456516aae,fcfedffb71f0f0f0
cju324q101fhe08350wae9cif.jpg,d5e11010f30efafa,fce8604002206070
cju326h4v1gxw08352px40p7r.jpg,892515d557d07e9a,f2f3f3e2f2f0f0f0
cju3280wv1ir009882jze27tc.jpg,94cb144b05b21f7f,c4822d8f33318cc4
cju32a52lb9rc0799xi40qs00.jpg,9063638e19ba4e6f,d8cc7898f0f0fcf8
cju32csyfblyh080170aa3x5p.jpg,dce11441d31753e7,d0a62420a1216460
cju32fhnhbds40799broyoptc.jpg,91cc5466d31bda66,f4f6fbd8981c1c5c
cju32gzs6xo8x0993r8tedbpb.jpg,94e11707d61eda69,ecfeae2ea6e6727c
cju32jcdabepz0878d0cznmfe.jpg,96630d69421e7af3,c8cecceccce07060
cju32l161bi1v07990vm376in.jpg,c02f157e037c5eb2,e0c263c1692190c0
cju32phw2bv130801yj7bkouq.jpg,94601d99d29f72e5,f0f2e8f899f96a64
cju32pzh9bpw10855q4vaxfhe.jpg,95c3550556ef4a1d,fcfcfe7f7e7e7e7c
cju32qr9tbvsj08013pkpjenq.jpg,95e15e41420f6be7,f8f8f0f0d0f86870
cju32srle1xfq083575i3fl75.jpg,94625d295416faf5,d4de2d6c1e3f7e7c
cju32upim1z7u0988l883nqp6.jpg,d1d6051153545fcf,d4e0603839dad2c8
cju32zhbnc1oy0801iyv1ix6p.jpg,c4f11656530db3e5,fcb8cac2c0e06460
cju330ofbc2l30801th5g3hw6.jpg,c51e027a1f7a4f68,f8e0e0e08080c4c0
cju33231uy4gi0993qc7b1jch.jpg,859b147557665e1a,fcfae9cbcbc6cefc
cju334jzo261t0835yqudnfs1.jpg,d5b440939675371b,bc3a166e6c68f0f0
cju336l68y7if0993wf092166.jpg,cc63348ac91d76e3,e0c090f2e1f03070
cju3381d8bz3h07991xtl7ra0.jpg,dc3e007b02ac5ff1,b0302020301090c0
cju33belnbyhm0878yxl42233.jpg,85f01d87701e6bce,f8d8a898cce460b0
cju33eqwbcch208012jikwdky.jpg,d5c01006c31fdefb,c08030f0c0e438bc
cju33jon3ygbj0993pu22a4k6.jpg,94e31c255a1b6ed9,f4dcdaa4863630b0
cju33mirdc8mj0799k33wzoes.jpg,91e516195f2f7c60,f0e8a659f8787878
cju33o12x2jm50988944mxq0v.jpg,9564459557545eda,c6c785acf8f8fcfc
cju33qpdvc9g0087825jhf3s9.jpg,95c11401da3dcbf7,d0840e0e064e2e6c
cju33w4sdcivk0855x879zht7.jpg,cce00601d10f5fff,c4a6222210206060
cju33x0f22peh0988g0ln7w5v.jpg,c49f1e3c40f87ae8,70f8e0c0c0a0a0e0
cju33yemn2qb20988wfjxximx.jpg,d03f02e110ce7f3d,9c1c1c2e1e08e0e0
cju33za6l2qy70988jhrlp2ev.jpg,94e00513560fdaff,dc9e9c9c9c387a74
cju34aozyyy830993bn16u32n.jpg,9fb300d073067aeb,fcfc727278307070
cju34c1xfyz920993itxkkfad.jpg,836e318a47a93add,e0e022e0e0f9fade
cju34ds2531520988qjpqt6e3.jpg,9c630023eb0d3fe7,98a426361e3830b0
cju34eqjpcpm508788b3lhp97.jpg,d43f4ba2046d33bc,e1e034248ccce0c0
cju34fojcctcf0799ebolbvkn.jpg,946155a2521fdaf5,f4fa3e7ebf7f7e70
cju34i3qvcyog0855qiejxx5w.jpg,d1920667456d1f6d,cc98b898dac88ac4
cju34m7h536wq0988xz7gx79v.jpg,c4e10c33d60f73e9,f0f0e0e488ec2260
cju34o6dbd2lo0855aqlcy1hs.jpg,f481015702df5afe,c88e070f0f0e16a6
cju34ouumcznz07996gg1xq7v.jpg,956b44af04bc5bb1,e0c49a307276aec4
cju34repocy5208780gswillm.jpg,923e506107ef7e34,f8a83d75dc8cd0f0
cju34sh43d8zm08019xbwhc0o.jpg,c4911ec6731ef8e2,fccc800c84a6646c
cju34uhepd3dd0799hs8782ad.jpg,94e2541b5e9d4e87,f4cce676f6f43074
cju34xspwzenf0993cyzajv9n.jpg,dc610603d21d7af7,e080101080606464
cju34ymm8d6700799uop0cw33.jpg,953b56fc5aa062cc,bc7efefefefef4f8
cju34zivp3fq80988opxbaqyn.jpg,81b517d456587af2,f4fad3d1c0c0c0e0
cju3518w2d838079939fqztbc.jpg,fc37007403d83bee,bc3e3a3a243cb0d0
cju3521y5d5mq0878t3ezsu4p.jpg,cce10515d51776f2,c6ab212121317260
cju353d1eda8c07992afde611.jpg,dfb8008703473f3d,fcb838383464e0c8
cju35740hzm0g0993zl5ic246.jpg,f1f8580a46e36b0f,98181a1e5e1b5a5e
cju357rxxdaz30878y2esjpjt.jpg,87701775d0057af5,fcf8f8f0d8606060
cju358pwtdby20878cg7nm0np.jpg,c0c11e634f1eda1f,e0c0b0c2c8d0f070
cju35a77vdj4n08556jj2lgmc.jpg,cf70048f790d35e5,f1e8c8f170606060
cju35atpxdjot0855q46aqrd0.jpg,94a5454d475e1b3b,c48e1b3d152dacc4
cju35c4wzdhow0799h6eq4sgs.jpg,9f630866f791d059,c1e0787c64247270
cju35eg0tdmjt085525sb4bua.jpg,90c04f3e3acd6ec3,f0f8f0b8182cc4f8
cju35fxqyzt5p0993vusm54qz.jpg,8de116d45a1f6a6c,d48e073333226c6c
cju35i2e63uxr0835h7zgkg9k.jpg,95e2522d5a0d9a77,f4d8b83a3a32741c
cju35k2fr3vc50988c85qkrwg.jpg,d4b500d703d60f7b,c090002c4060a0c0
cju35ldepdtlm0801yv79y8vu.jpg,94610e8be20f6bf5,f0b0120808f07060
cju35mdz73x890835eynq1h9v.jpg,9d6200bf51f96ee0,f8e6483870623af8
cju35oyvd3y850988km12hdz1.jpg,97701e3ff2205a65,78f8f0890f626060
cju3tp94kfstl08181awh6z49.jpg,d4e10f3cf21f68e0,78d4802084b27060
cju3tsh4lfsok0987w6x3a0v1.jpg,c4a11d55d516daf2,f2e3cdc2c2e06060
cju3ttznuftyf09875t11850w.jpg,94631e2b522ddae5,e0e0e0e4ccfc7a7c
cju3tvffffx5f0818t5ov22al.jpg,d594005a0eeffb70,fcdc9e270f3b80c0
cju3tx1qyg0c907552fglumhc.jpg,c4bc115947647f72,f4f8e4e6c8c0c0e0
cju3u1c8tfyqx08503iedc3mx.jpg,95e51514d6d31e1b,dc860383bb33b2b4
cju3u39fog1bo0871lxjrabks.jpg,d0c11d1de1670f75,f2f1c08c9838b030
cju3u4lxmg59o0755rz42b9en.jpg,952516d5535dcaca,de8e271af2f2fad8
cju3u815rg4ek0850vvhtcvcm.jpg,94621f2bc2a7cbd1,c1f0f8e8e8e07c7c
cju3ua8u0g9rg0801uayhdxhu.jpg,9ff10090770c73db,9e17536418607060
cju3uhb79gcgr0871orbrbi3x.jpg,94e11455570e7af6,f4f6377638387868
cju3ul8dogf1z09872y2ecowp.jpg,946152847a3f7af2,f4fc5e7e34347c78
cju3umoh1geet0817cmpef5am.jpg,c4e11e0d621d7af3,e0f0c0e0c0e0706c
cju3uwz6ogsp10801h2r3bj5l.jpg,c4711c47431ceef3,f0a0a4e4c0e07060
cju3uz4o6gr9z0850lhxyxvsj.jpg,85c4501147db5efe,f4a2e46266f792f4
cju3v0fl3gwce0755qkjhzmd4.jpg,9df1001557127afb,dcba3b3f3e327870
cju3v11mrgwwb0755u242ygye.jpg,d4611e21f60f5ae5,9898e0e0d0f06060
cju3v3ac9gyz30755hfqwyp1i.jpg,dcc10f40603eeff1,f0f03a3090e030f0
cju3v56bwgy8v0871w14pz8fx.jpg,9d7844c2132f5aaf,d0b2321a193172fc
cju3v664kh0px0818y4y7wolf.jpg,94e15512561f4ef3,f0f2f6fcecec7c78
cju3v72v5h1qz0818fggilwtq.jpg,c07b00bf0bfc2fb0,d090888382e880c0
cju3wstckialg0871xs0vevsj.jpg,d43f02780f697d25,f0e8c4c480b0b0d0
cju3x2s11ibzi0817kk284k0j.jpg,c6e11cc0c71f3ef0,e0c0394cc8e86868
cju3x4blzieu30850x10uuvbm.jpg,c095035717dc1f7a,f8f8f0f0e0e0a0c1
cju3x5u2tiihx0818914gzxy1.jpg,c5a11511575f7666,dedb2f0389a06070
cju3x7xsaijq80818f0psavav.jpg,86a51755541ed2fa,fcf2e1e2c8f0786c
cju3x9lttikfb0818a0g104zn.jpg,d4c10515531e6bfb,fcf291808cbc70f1
cju3xeexgii1j0817zs68tb4g.jpg,c197066709da37b6,e0e8d8d0d2c2a0c1
cju3xga12iixg0817dijbvjxw.jpg,dcf00c02710f0fff,b894040400e06062
cju3xhpvvimda0987ygrpzni2.jpg,9ce1142558967bdb,f0e66929122e6078
cju3xiic0ilzp0850lusrb42j.jpg,95c55513514d5e3b,dcce77b2fd3c3c3c
cju3xjqtpikx50817tppy6g84.jpg,95c155351347773a,c6a2c0e0fc3e6468
cju3xl264ingx0850rcf0rshj.jpg,95e11433cd25de63,f8fc74f6527c7e60
cju3xtufwiv9c0818djsc4cqd.jpg,c03f06e83fc87e98,f0f0f0e0d0c0f0e0
cju3xuj20ivgp0818mij8bjrd.jpg,95b546674b686e68,dcfcbcd8dcccc0e8
cju3xvoo2iqlc0817eku2r3wl.jpg,f1c60108520bfffb,d0840c1c181a1a38
cju3xwpgviwlx0871rwm15q7v.jpg,9d60428b6725dadd,c18022261b3b7878
cju3xzvnzj0hd0755xprz39nj.jpg,833f157ad4605ae5,bc7eeccdcddfcfcc
cju3y0pjrj1c30755nxekxccj.jpg,d46245ab0dbb1676,c0c48ca8b015a2e0
cju3y21quj0ir0818kgjagr15.jpg,94e15555701c7af3,c4e6edfcdcf87070
cju3y54kwj3nr0801biidlb4e.jpg,8ee354387331e2d3,b86061e979617878
cju3y79ofj3va0871uqfb1mzo.jpg,9581164d5e1bdae6,f4ecf8f8b63a366c
cju3y9difj6th0801kd1rqm3w.jpg,d49d043d03f2575e,fea60400000684c4
cju3ya7goj6at0818v2l5ay7f.jpg,c4191177039b2f77,d0b2a3e3c7e6a0c0
cju3yb47cj1xq0817zfotbni4.jpg,9c6115aa72256af7,dcf832c61579627c
cju3yht87j83m08507yk1u1fg.jpg,c0f11f81e21d6fd2,f8e8e0c0c8e07060
cju3ykamdj9u208503pygyuc8.jpg,b49851cd464672fb,f0ba1d0e070f86c4
cju40jl7skiuo0817p0smlgg8.jpg,d53548942dda37ca,f8f2cc583828f0c1
cju40m0rjkpw80871z6n6yg1u.jpg,943646d41ad37ab6,6cceae76b4e4e0f8
cju40poe4kt9s0755f9cnm3h5.jpg,d02f05de07f94f30,e0c4c3f1b03098c8
cju40r6jrksyk0871wg98zgho.jpg,c5631e8cf20f6af0,e4c0c8c8d0f0647c
cju40sdwukv3k0755y99ug1k8.jpg,c0951f540f765f62,f4c8c8c8d0a0c0c1
cju40taxlkrho0987smigg0x0.jpg,c49110ce1ffa0ff8,dce4e6662767050e
cju40u30gkuzc0871rq7t666d.jpg,d0e10387470757df,cc9890b098e06070
cju40w3hbkwpn08015rbs3wko.jpg,912d1552561a6bef,dccaebede9f9f8fc
cju40wto5kxwi0755it190f2k.jpg,d4d2410b01ff47cf,dcbc2e3e3a3bb2d0
cju410dnfl0960755y8lu8d79.jpg,d5e1044153074fff,c08203da98a86878
cju412uwlkva50850d1ps1ww7.jpg,9562160151ef7bcd,dce4e2e2dafa7278
cju414lf2l1lt0801rl3hjllj.jpg,d09b00740fc17fee,f0d8c850080080e0
cju418rckl3ur08012psrx1r1.jpg,94631c4a721f6afa,ecfcbcec8cf07070
cju41kd7yl4nm0850gil5qqwh.jpg,dce30403db0cf9f2,e0b03049093030b1
cju41lojblbs307555jdci937.jpg,d02d127d11e876bb,fcce84d2722088c8
cju41nz76lcxu0755cya2qefx.jpg,c03e02f89fc367f0,e0bc62603080c0c0
cju41p90plcsx08018cnzpndc.jpg,d087033e1b783bb9,f8c490881834b8d8
cju41r6v2lcww0871ps8k8pf5.jpg,d42a00fb07be6bb4,e0e000000808c4c4
cju41s6nbleqy0755e2mslg0b.jpg,dcf10002770f7afa,dcbe383a38383030
cju41z76wlgbz0801qdetlvby.jpg,c08117ef0ff33a8c,c0c0808000008064
cju422cm8lfxn0818ojicxejb.jpg,8537d03641db4779,cc8643eb8667b2d0
cju424hy5lckr085073fva1ok.jpg,d8e10e136b1e78f2,c0c0888090b07070
cju426tomlhll0818fc0i7nvh.jpg,859517501ed67e4e,fcdee4e4e4e0e0e0
cju428k5fldt108177s6g6f45.jpg,dfe3003172007efd,ec64646c1c387070
cju42dwedlmk60871jbgu4ehi.jpg,9770471c5b21ee33,f8f8fc7870606060
cju42g865lorv07552ytz6xxa.jpg,87611e3f7a0c78d1,6cc4c0e4c8f06060
cju42m60jlpcm08186kqppzqv.jpg,8c6116a6450f7eed,d0b9b1e3c3e56c78
cju42nm68lpyo0818xvvqmupq.jpg,c20e1d7f54fa2ae0,60e0e1c080c1c2c4
cju42py9mlqyd0818u3d1d7ga.jpg,dc631e2de6101ab7,a060a0a0f232b0b0
cju42qet0lsq90871e50xbnuv.jpg,94a5155655564edb,cefef7f5f96538b8
cju42romflni20817etb9a0fl.jpg,d5f002ce4b017fe3,f0b004140060d0e8
cju42tauqlo5p08171l3cuo4b.jpg,8ae11545d71c5aed,c0c391c9c1616360
cju42u5bjlvi10801dc13sskp.jpg,c23f50dc0a3b2ad7,d8d8cd69e0e0c0c0
cju42wamblrqn098798r2yyok.jpg,9c631e986a047afd,f8d858f4b4bc34b0
cju42xpi8lw4w0871ve317a1p.jpg,d13b00f9086e6bf9,d8cc48209040a0c0
cju430pm2lz0y0755jkhcc3d1.jpg,95d31e23580eb3ec,f8ecd69a96ce6674
cju439oazm2fu0871ma0vvrft.jpg,946114274b1f6edb,ccc8d0c062667470
cju43b8daly4408170e5ev06g.jpg,87384207df31ca77,f8fcf8706060c0c0
cju43c92lm5cj0755lorsorfg.jpg,9730574d5ee46a64,6cdc9cbe7e66e0f8
cju43eigtm6ev0801mv0m96t1.jpg,d5d11c17401c6fe7,dcd8c2c0c4686060
cju43gfosm63n08714rpih8pe.jpg,94b11445431f7afb,fc9e9efee0e26070
cju43h43am1dy08176gwfhmnt.jpg,97b1504472167bd7,f4f2fa6860606060
cju43in5fm22c08175rxziqrk.jpg,b74b5005ffbc02e4,64e67f7f4eee6e6c
cju43jcqim2cp08172dvjvyui.jpg,946115a3522f7ad7,dcc486868cec6e7c
cju43kj2pm34f0850l28ahpni.jpg,95d3511c06e77a1e,f0f8e8ececfcd8f8
cju43lcnum9y10755bjs7z87f.jpg,c52d01db13907f73,e0e646d4c0c0c0c0
cju43mkj9m8wb0871qiadahub.jpg,cce10c46db065bf6,c080840800a06071
cju43o6n7m9nk087191ijwqq9.jpg,95b55611521e5ade,dcb676f2f2f27078
cju45jpvfn6c809873pv1i34s.jpg,c495015657537f4e,fcf6c6c4648881c2
cju45lbgznahl08180xz1h7u6.jpg,d43e167f6cf8c280,7cecc8800608a0c0
cju45n0oxn5vu08500yfrt9jn.jpg,b6cb55145ae51b16,f2e3cbc95d1c7636
cju45ofd9ne1j0801ri8dup7t.jpg,95b1151553167ed3,fcbeaca860606870
cju45pm27n80u08174kyow1gj.jpg,966154124edf1abd,f4be3c2c3a7c6c6c
cju45qbf3n9sa0987oonbkly9.jpg,94610e33ca0dfaf3,f8f8b0d2cc787060
cju45rj7ln8980850a7821fov.jpg,95e156064a177aed,f4f6b6f2f6746460
cju45t5ddnbio0987qtqzx762.jpg,94e10e85421f6edf,c08080d8f8f87870
cju45ty6zn9oz0850qy4qnck1.jpg,87785f70c003cff8,f8f870e48cec6860
cju45v0pungu40871acnwtmu5.jpg,d4e11417671e5d96,cec68484ccf83465
cju5b9oyda4yr0850g9viziyv.jpg,95ad05d557157272,e6a2d71c1888e8f8
cju5bbtwsa8cl0987wgfsqpao.jpg,90b54d56d23eca72,fcfeeccccce480c1
cju5bdwa3aatx0818b79i18zf.jpg,966106b64b06faed,d8f8b87a382c6c60
cju5bf6hxa6m50817rbwettgu.jpg,94e194255a967bce,f0f6e92c332e6c70
cju5bhv81abur0850ean02atv.jpg,d6b108416b1e6df6,f8ac6c4840646061
cju5bj926aiec07559rshy4wa.jpg,d08503924f7f3ee8,f0d0d8f0ecdcf8e0
cju5bmhdcafs909878qfzrqzi.jpg,9596529c63dd4ac3,fc3c3cbafc30b8b8
cju5boicjagt20871b1fotkh4.jpg,d4ad155557565ac2,f6a60702808cecfc
cju5buy2bal250818ipl6fqwv.jpg,d0c11432c90f37ff,c080c0f0989c3c3c
cju5bwhapakm90987c1v4z46a.jpg,c594005f0a7edf3a,eccea4a040448cc1
cju5bycdkalkb09875f7bfrvx.jpg,c5c11c07e31c7cdb,e0d0f0c0c8643474
cju5c5xc7algd0817pb1ej5yo.jpg,90cd477339643b2e,e0f030301838acf8
cju5c7oijaqmq09878qwgqv8n.jpg,87f85cc752174a3a,f8f4fdeacbee64f0
cju5ca9hcatkc0801jzwe7tfx.jpg,9fc441315556f2da,dcc6693030397878
cju5ccpvqash50850kb4bs22k.jpg,943461dd0fd8736a,7eecfcf460f0f0d1
cju5cetivauok0987ok3e5bre.jpg,dd3640df42f81fc0,ecfc7c587070b0c0
cju5chrxxawka0871qcj171yz.jpg,9c7103074edf69e4,f898183030b07878
cju5cjh3xattc0817j2vbulzi.jpg,81b1159e4e7e6e61,fcdccec0e0e0fcec
cju5cky5xb0ay0801oxet697t.jpg,d3eb008515656f5b,c28101082824a0e0
cju5clr68b48r0755cmuvponm.jpg,9595170513575f53,fcbebcf0f0e2cccc
cju5cu8qkb84x08186jwo8yin.jpg,94c915b4d225b2ef,d49250d898ac26ec
cju5ddda9bkkt0850enzwatb1.jpg,d5e100075f1663f7,e8b0042078303878
cju5eftctcdbj08712gdp989f.jpg,960d487f49da7e30,70f4fc3c3c3c88c8
cju5ekty5ckzf07550c9u3ckk.jpg,9ce3341d551570f6,b2e1c5f070f07274
cju5enq1tcn1i0755hnkon787.jpg,9e630429520f7af7,e0e22c3819397e64
cju5eq8c8ck690850vix98hv3.jpg,96f21e6d690c6ae1,c8ccccecc4e87878
cju5es375cnzy0801nkq35ffs.jpg,c0910497037e3fef,f0c08088c880a0e4
cju5ew4h9cqaf0818rrczkmqh.jpg,d01e447f02625bbf,e0b038b83818cac8
cju5eyfe9cpk90987laa7tsl3.jpg,9dc358147612ce6f,f8f27bec66767070
cju5f0dezct4q08183ydw11dx.jpg,94c3510e56076ef7,f8b8bc6d3d3f3ebc
cju5f26ebcuai0818xlwh6116.jpg,c4d6033e4fc936c3,e4e088e0e08cc0c0
cju5f8hxdcxxn08188obby0ea.jpg,b4955184521f7e5e,fc8e2e4fac2e667c
cju5fb86jd1jp0755b1ukbhq5.jpg,c76047277a3c0af5,c4c4e4a4ec646060
cju5fi0yxd3ei0801v7u0yudn.jpg,94e1468c9a1b3b6f,e0c28a1e36366278
cju5fs6j6d8350801vglraq4u.jpg,9c61168bc30d3ee7,f4ae16d34b63726c
cju5ft6mcd5q40987rhjgbrr6.jpg,d5b10452630e6bfe,dc9e061208307071
cju5fu081d8gc0818l3yylujk.jpg,c13f00f110ff43cf,d48e012080c0c0e0
cju5fw37edaae0801vkwvocn7.jpg,95b056175a1f6a72,fcfefef6f4f87474
cju5fydrud94708507vo6oy21.jpg,94c14b87c316ce5f,ccceb4acecec3c98
cju5g163vd6mt0817uccuga6u.jpg,857055374a19ea7b,f0e6d9fbcffe72f0
cju5gucasds9d0801019axylx.jpg,dce143075a3c62e7,a460803460e436b8
cju5h57xedz5h0755mjpc8694.jpg,c49813677d99661d,ecb0b0b2e6cccafc
cju5hi52odyf90817prvcwg45.jpg,d01164cb23cf6f65,c89cb2f0c8602004
cju5hjxaae3i40850h5z2laf5.jpg,97b5109253194efb,cc4c765e6c647868
cju5hl8nee8a40755fm8qjj0o.jpg,94611fc3721ccee3,fcee26bfcce87878
cju5hqz50e7o90850e0prlpa0.jpg,9d3131cf669cd868,78d8b0e0e2e0f2d4
cju5ht88gedbu0755xrcuddcx.jpg,94d31461d72f5a71,74bc786888a17ebc
cju5huurrecm70801y680y13m.jpg,96611667491bfae2,d4d4ccf0e0f86860
cju5hwonqedw10801vsd3w6kk.jpg,c5b0065dd9077af2,f0d894d090e06060
cju5hyi9yegob0755ho3do8en.jpg,958d1645526cdb6e,fcfef3e3eace8ccc
cju5i39mreass0817au8p22zy.jpg,d6e01823730f4be7,d0b0a0c0c4ec6c68
cju5i5oh2efg60987ez6cpf72.jpg,91e146979c9e9a9a,ec8e981c9cdcecf4
cju5jx7jzf7c90871c2i9aiov.jpg,c0cd126987d36f9a,c4a0b0e0b090dcdc
cju5jz5fff8c50871hbe6108f.jpg,c0c10535de9e7e71,f0c0c1f190a030b0
cju5k3j3uf6de0817hszzfr7n.jpg,9c63192d560e6af5,f2f8f8ecf4f27078
cju5k503sfa5f0871lx0rpu5y.jpg,e41f80780f635e76,f4fa6d46069684c4
cju5k7r0yf98c09878csbxb4d.jpg,95d84a6a2b696d35,f1b878faecf0d0c8
cju5klveuff6w0871wbibgh3m.jpg,94e113dd561b4aea,fcceebece6f2786c
cju5knbbqfipk080128cggukq.jpg,d03f036a1bf15b31,f0e49c8c8480c0f0
cju5kre09fhka0850h7b1898j.jpg,d63700de02d87bf8,bc3c2c2c6c34b4b4
cju5ktjwofed70817eg58ef7u.jpg,9c6346ac9a9b9a71,f0b81838b2367070
cju5nxkujgscq0817l9gss626.jpg,97e007dc5308df27,c8d272d47432744c
cju5nyu31gv8e0871zpk74a2n.jpg,94611eadf21c6bb1,e1f0988cdce07078
cju5o1vu9gz8a0818eyy92bns.jpg,d11f5ee142f32a1c,f87c78dacac88000
cju5o4pk9h0720755lgp9jq8m.jpg,95e14084179f5ede,cc8733766e7c7c7c
cju5tenjojp1j0755ms4949h2.jpg,c43f1173847a1f6c,d8dc6ce4e4c080e0
cju5tgbzhjllu08174ca41eus.jpg,94611645d617dafa,c68e3b32b0b07870
cju5thdbrjp1108715xdfx356.jpg,9da15555551672da,f6f6bf33ba327270
cju5u4pywk81x0817vn9pe14z.jpg,94681734d20f9ef3,9496978b8dfe6c68
cju5u6wf0kh1t0755bg1ssixv.jpg,c56e6abc05924b6d,e0e1c0e062b898d0
cju5u8gz4kj5b07552e2wpkwp.jpg,c053356a51ab56ed,d8b478f9f1e5c7e6
cju5udcufki0s09874ll1dbr5.jpg,c11d411a47389ffb,d09252aac89899c4
cju5ufn3skquf0818dhapnhba.jpg,c4e0060df7879bd9,c480b03010706860
cju5uget8krjy0818kvywd0zu.jpg,c03f12e81bf46ef0,f8f0e0e8f0e0f0f0
cju5uhrdwkmsu0817ervv91l8.jpg,96cb01045f04fefe,f0d86c6c2c2c7474
cju5ukkg6kv7u08011x2b6zl5.jpg,952950c71af66bd8,6cf2967c60e0e4f0
cju5uxjnol2r509871qv2yeia.jpg,96e94415df398a71,f4e62d6d6c6c7c6c
cju5uzmaol56l0817flxh4w9p.jpg,86e11425f30e7af3,f0f0f141cbe6666c
cju5v8pgplg6k0755rvi2t63h.jpg,c1b4415107674ffb,dc98070ec8d0d0c0
cju5vbo6jldrt0871jf6f1700.jpg,a5a55656561a5ada,cce6c3c392e37270
cju5vcmrqla7i0817x4sp4pqw.jpg,95d062ce1f6a9b31,e0ccb878faf2c3dc
cju5vgawslbe30987ndeepc1b.jpg,94a107175e17f2d6,dcce9f37343c7870
cju5vi4nxlc530817uoqm2m7a.jpg,94e10e09631fdaf6,f4fcecd8d8f86070
cju5von04litr08718j8po40a.jpg,ada115555416f2f9,96b2b7af9be36270
cju5vutu7ll8w0871dfp92n9p.jpg,c0bc17150fd11f9e,e4a69080c0c0d0c0
cju5vwbr4lhqn0987a1pji0ux.jpg,cd700627910efb6b,c4b6b3b058686260
cju5vxuc5loxw0818u8xgf45p.jpg,d0e10485d31e6ef7,c090899998f06070
cju5vzjoslpj708186z2fusmz.jpg,d0b40554174f5fea,dc9e991c94b090d0
cju5w7xn0lrkq0801f9k0htgx.jpg,dcc100006b0ffffb,e0b0301410246460
cju5waeduln160817w0agirve.jpg,db92029b236b4b6b,f8fc20b0307050c4
cju5wcc90lu020850mjrxppv6.jpg,9c614d99530f6e65,f0beaeb89cb07070
cju5wi6bqlxy90755bu227nvb.jpg,94e31e6c491cdcf2,f8ccfcf4f4f47078
cju5wj0faly5008187n6530af.jpg,d49103dd0857377b,c0800ca4202480c0
cju5wkonqlrl409877y8zvnub.jpg,822e555b97352f70,f8a187bfb99998c8
cju5wmvsdlx1j0871npgj8j4b.jpg,94c3131fcec12bce,f8ccc2822032b034
cju5woy82m07m08505dmjg7g1.jpg,d5f2148902255fdf,d0982192b172b2f4
cju5wphwwlu3m0987hh3ltg88.jpg,9c6154d5521efae2,fceebf3b9b7e7474
cju5wqonpm0e60801z88ewmy1.jpg,8584155556575f7a,cee673f2e1dbdad8
cju5wrapcm2290818jsh26ppb.jpg,95a5150557955e3e,d6b264c6b8e0f478
cju5wrrs0m2af0818vmnajbtw.jpg,94c9140b461fdaf7,d4f8f8fcb83c6c6c
cju5wtdu4m0im0871mix0yvc0.jpg,94e420084f6ffd1f,f4b434647030787c
cju5wuhm1lwm40987vugqn3vv.jpg,9584473a5e927aec,fcfcdcdc1c98d8f8
cju5x00l6m5j608503k78ptee.jpg,d339006a0f6b6f2d,f0b838381810a0e0
cju5x15djm7ae0755h8czf6nt.jpg,966315655424def3,ce595d7d79737e7c
cju5x28nzm7t907558ocq4bt7.jpg,90c11f27531e37cd,d09090d0c0ac30b8
cju5x7iskmad90818frchyfwd.jpg,95350dfe42c75a1a,7efadec4ac28e0f0
cju5xjn5mm78b09871spyqhhr.jpg,91b7456c53da7c60,7ceeb8d8c8e4e0d8
cju5xkwzxmf0z0818gk4xabdm.jpg,dcf30201730d3bf5,c9a0102202326464
cju5xneamme2p0801qdf7fdwv.jpg,813b157d55f05ae2,66eb9bb3e3e3f6e4
cju5xopi0md7q0871r1sjc1av.jpg,852f567c50b95af0,fcecfbe3f3e3f8f0
cju5xq3tdm9fn0987pbedxdg5.jpg,d03e05e27cae5335,70f06c2f9a89c4e4
cju5y4hgqmk0i08180rjhbwvp.jpg,94e11423530d5eff,dc8834e4c460706c
cju5y7buemcw80987p0r30g9f.jpg,95311e66e08d7aec,7cfcf8f88cec6060
cju5y84q3mdv50817eyp82xf3.jpg,94c10c17430d7eff,f0f0f0f0c8e43474
cju5yclrymlgj0818k426ud6z.jpg,849b1137431ecf7c,fcf4f0e4e4e4a4f4
cju5yeqiwmkgl0801fzv2douc.jpg,955a05bb50e4177b,e4e82cb2185ae6d4
cju5ygh1zmmdi0755uod5e17i.jpg,995c443b463353dd,f4b038d81859bae0
cju5yhgznmkzb0801cji2vi8j.jpg,9525574452d87aee,ccee7fbcfcf0f0f8
cju5yimthmlv80850zhoc90c2.jpg,d09103d403df7f72,f8b808908020a0c8
cju5yjq1pmlgc0801z0t24bly.jpg,c037015b05fc07ff,fce8e0b0f0d090c0
cju5ymyd8mmdc0801ry3by1xr.jpg,859445fd07725aba,f4f2f9eed6438ac0
cju6ur9l9v9jq0755paud9uka.jpg,8c631d6ed12c52eb,f0f0e8f0e0e43070
cju6us80mv1b50871ebyq2wxa.jpg,97b1565454176a7a,fcfafbfa38786c6c
cju6ut4l8va6y0755tyw3vfqq.jpg,84e49595171f3a6b,cc86032341b9f0f0
cju6uy20suzbl0987rzuhz7z9.jpg,94e1568ad21d5ae7,e4e4f0f0f5f06060
cju6uzxk0v83p0801rcwnexdu.jpg,c4f1150ad50ff2f1,e498ac64c6a56362
cju6v1m1xv07w09870ah3njy1.jpg,d4c314054a177bf7,e0e0d8e0a0b034b0
cju6v3bb2v7xo085090blubyw.jpg,97611ca1521cfaf3,f4a66e6cdcec7868
cju6v4szov55u0871qmqz3v8n.jpg,85a756d15a6a7a2a,f8cee7ef9adacc70
cju6v5ilsv8hk0850rb5sgh6o.jpg,94c11516531e5aff,fcfef8f8e4f03434
cju6v6g6kvdw007552x6mb0po.jpg,d19500570757577e,c4828000000090d1
cju6vgdmivcvb08018fra5lnv.jpg,863659cb36b25e86,fcc64d8eccf1e0f8
cju6vifjlv55z0987un6y4zdo.jpg,c37b050401672fff,f02949d190e4e0e0
cju6vqarjv7yo0987q4b1btk1.jpg,d03f0132037aff78,e0a000000c0c80c0
cju6vrs1ov8cr098788h8gs6j.jpg,d12f44bf0be43f10,ecf8f8f0d81880c0
cju6vta3kvazg0817qbeppjtm.jpg,c4720b6b17c54e3b,c0c8ecc4ccc0f0f0
cju6vucxvvlda0755j7msqnya.jpg,95e11405531f4bfb,d8bef2fedef27e7c
cju6vvb8svhed0801jjcquh5e.jpg,cc611473db0ceaf1,78e2b3931b613070
cju6vvxsev9y30987kespucdg.jpg,c03f1e7d6be08b90,7cfce4e0c0e0e0e0
cju6w733bveoz0817e600tw72.jpg,87304a827a79cbcf,ccd41e0eecc0e0e0
cju6wi3akvn8r0801px8eligc.jpg,c1f447051a7f1f1a,c484b1b1f1f0f0c9
cju6wjm81vgsc0987enk9n3pr.jpg,85b5d54546725a3b,dcfe1f8fe6c6c6e4
cju6wll7wvo3y08502pagos8m.jpg,c438376f4a7c3ec0,64d8b0e1c0e2c4dc
cju6wn57mvooj0850rp78hhy7.jpg,9cb11653d627da61,ccbe323231397a64
cju6wt9jvvn500871hjn3t3g0.jpg,95e70200f8ff0f1b,cccc5e361634b0b0
cju6wuojavt740818b5qcv3iw.jpg,94d117064e1f7a5e,f0f8f8b0a0e06c64
cju6x0yqbvxqt0755dhxislgb.jpg,94e11595550ddad7,fcdecde7eef87c7c
cju6x35ervu2808015c7eoqe4.jpg,df711884c10d67f3,b0b84e4244607060
cju6x4t13vyw60755gtcf9ndu.jpg,84c9554b526bba6d,f8f6f6efcebce6ec
cju6x97w4vwua0850x0997r0a.jpg,d5e11c316306dadb,c4b258ccc8b03068
cju6xa0qmvzun0818xjukgncj.jpg,94a5555555465b3e,dedee7e7f4796c78
cju6xifswvwbo0987nibtdr50.jpg,95a1145d521e5afe,f6feeeec48607078
cju6xlygpw7bs0818n691jsq4.jpg,956145315639ee76,f0fa3e3e3c7c7c78
cju6xmqd9w0250817l5kxfnsk.jpg,d5c10203eb2d47fd,c18006160a6c6660
cju6ywm40wdbo0987pbftsvtg.jpg,c5b50115155757de,de830d0c80c0c0c0
cju6yxyt0wh080871sqpepu47.jpg,c3b116d51c570fd2,ccccc9d9c9c9c8ec
cju6yywx1whbb0871ksgfgf9f.jpg,94910559551edafb,fceeacac82746666
cju6z1bzbwfq50817b2alatvr.jpg,8fe354008227aff7,c1905a4f1f3f6660
cju6z2616wqbk07555bvnuyr1.jpg,dc630c0bed0cf4f1,e1800000083830b0
cju6z600qwh4z081700qimgl9.jpg,95a115955612defa,fcfaffbcf66c7878
cju6z7e4bwgdd0987ogkzq9kt.jpg,9f8d407700db6ed2,f878303a3c3c1888
cju6z9a9kwsl007552s49rx6i.jpg,c43309353bc13ef9,f0e0e8e0e0e4e0e0
cju76erapykj30871x5eaxh4q.jpg,95895a4b1aad3ea5,f8f4eeeececcc6ec
cju76l27oyrw907551ri2a7fl.jpg,d0a7019e07de7678,e08480303030b1d2
cju76lsehyia10987u54vn8rb.jpg,94e1151d561f7a78,fcfeffbcbe797a7c
cju76o55nymqd0871h31sph9w.jpg,85355645545a5eb7,fcfe7ef6e2e2e8f0
cju77196iyshb0850ycbto50a.jpg,c135244e47f56e39,c6ccfae8e8e1e4e0
cju772304yw5t0818vbw8kkjf.jpg,94e1151d561f7a78,fcfeffbcbe797a7c
cju773hsyyosz0817pk1e7sjq.jpg,94b51455561bdada,cc8e2e4c44646860
cju774fmayxif0818u2g79usw.jpg,d7e1000c77066bf7,c0d0c0444460607c
cju7787c5yy3l080159mwqsnj.jpg,91c4571752c74b1f,fcf4d29e3e5e1e18
cju77afzlz3kp07550x5nafzs.jpg,c4fc161946c67b36,b496c6c2e2d2c8c4
cju77b3wyz4160755qis4ljsb.jpg,c16b55a1418d5eb7,c283038393d7f2f8
cju77bvg0yv4r0987yh60xmjo.jpg,91c1174e4a0bdbf5,f0f0faf9f0f87878
cju77g99iyxc00817zqi2ppor.jpg,d4610009df37cef3,d0820c0c38307c78
cju77idwfz36d0871tzfzz51i.jpg,94b094957a1a7bda,fcf67333f3f0f0f0
cju77j66ez52p08019xygi0co.jpg,8471169ad21e7aeb,cccee6e7c9f06060
cju77k828z46w0871r0avuoo9.jpg,97a5101157d75a7a,ccae676677185818
cju77q10sz9ug0801449wu1nu.jpg,d49501c31f5c5f36,fcce94f0f0e0e0c0
cju77re6fz5bb0817vp9redjg.jpg,84f07e8748373ace,d0a0a4c4f2f060b0
cju77t0razbvm080106o56289.jpg,c06a078f0fb93796,c1809891a0c8b0d0
cju77u1sjz77b0817ft44r3fk.jpg,c4370118cf66cf73,e484cccc88b0d0c0
cju77vvcwzcm50850lzoykuva.jpg,95b8470352d93acf,f8fc74f8f8e8e0cc
cju783tmkzkqu081803g7q5vk.jpg,c43f31fa1c4872f4,7e66f6f3f0c0c0e0
cju784jpdzeae0987q5ypq883.jpg,9ff51040da0a6afb,fc3c747070603838
cju785htizjzo08017tvlhtg4.jpg,d0c31e1e431d6be3,f8e8d0d0c0f030b0
cju787jnjzjuj0871p94nck9g.jpg,96b2054d551676eb,eced0d8c81b17270
cju7adqyj1jcx08712r1ro5gx.jpg,953f449c03d9cf70,de2e46f2f870b0c4
cju7ae7bq1f820987toc8si1d.jpg,c0c512171b567f5e,e0c0c0808080c4d0
cju7aez2x1jtj0871ztezs3oi.jpg,95c1561b671f4a63,d4ccfafadaf83cec
cju7afqon1ip40850ue2308b6.jpg,81b557525f545aca,fcfefef2b3e1e8e8
cju7agj961l2r0818z29iq8yn.jpg,94c11696731e66f3,fcf8e0e8c8e0701c
cju7ahtkb1jr90801jck4kbds.jpg,93c55554565a5a9b,dcfe7f5d3c1d583c
cju7aifyo1p3n07552nxjx51f.jpg,de610000620fffff,d030303418786868
cju7ajnbo1gvm098749rdouk0.jpg,94d21606630f7afe,f8bcb8dac4ec7874
cju7aklv31h4309871m29l4e7.jpg,f5b5019515565f52,de8e0b00002080c0
cju7alcgr1lsr0871riqk84z7.jpg,95b454514a4e5eb7,fcee6c777c7e7e7c
cju7amjna1ly40871ugiokehb.jpg,976846915a2f6a3d,f0f0e278f8f868f0
cju7ap09p1kz10850ldccjebj.jpg,8ce11491730e6bfb,f4f6e2e2f0706060
cju7apr0c1qqm0755s7msqot4.jpg,85a11455521e7aff,f6e2e3eb8bea6664
cju7aqkue1i2k09879uzcpt8r.jpg,8da5165656376a6a,e6e2c39393a37270
cju7arvfe1ldu0850erdmphgj.jpg,c53a11a946767f68,fcf881c4e3e2e0f0
cju7atnm31if40817pqclnjer.jpg,96f110c0c70773df,d8bc1c6e76b46070
cju7avvi51iox0817ym55y6tt.jpg,94c14b87c2169b7f,ccce34acecec3c18
cju7awzmu1ncs0871hziy65zx.jpg,c1902d4716177f5e,fce0c8c8c0c0e0e0
cju7azuu31mia0801pf9ib5ed.jpg,c03b01ee23ece7f0,f1f0989888a0b0c0
cju7b10ce1mnm08011c5bwyr4.jpg,84e70c0d5d1d5bd3,e4ecccc6d4e06070
cju7b1ygu1msd0801hywhy0mc.jpg,94e11e0f521f7ae2,f4e6d4ccc4e06060
cju7b2l561oas0871decgslaf.jpg,857a55ab16384ab7,f8f0f0b0e8c8deec
cju7b3f5h1sm40755i572jden.jpg,97e3140b411d7b6d,e0cce4e842787878
cju7b4mtw1n9n080186209f3d.jpg,fc97003303ce8fdc,882c24260a0cb890
cju7b5afm1nfw0801xqm8bf8q.jpg,97311e7cf80ccae1,7cdccce4c0e06060
cju7b9vcs1luz0987ta60j1dy.jpg,956154b752057ad7,fcf8fbe76f7e7e7c
cju7bb3ss1uoo0755pmhyco7t.jpg,dcf30000cb096fff,f1ac3039203032b0
cju7bc95p1mdm0817yqj5jc6j.jpg,94a5155d57665e4a,fcfeededb3f6c4cc
cju7bd1qu1mx409877xjxibox.jpg,c09103560d7a73ff,e0c0812620a0a1c0
cju7bduyq1rjf08719giru9ho.jpg,956246cb1ec53ac7,f4e09cbef8f8f8f0
cju7bf1lp1shi081835vs84lc.jpg,d93300df001c1fff,c0801830001200c0
cju7bfx651qr80801cs7epotb.jpg,d13401cf06db6fd8,fcbc988ce460f0d0
cju7bgnvb1sf808717qa799ir.jpg,95951670525c7eda,fceef2f0f898b8f0
cju7bmi1v1pnj0987pa52jjok.jpg,c43e02ec0f347fe4,e0e0a03030b280c0
cju7cl8zm1xcu0817ado0jpas.jpg,d15d101ad1ab56f5,90949480e05193c4
cju7cp6dw244p0818gncdol4m.jpg,d4e11e0c721e6af3,f0f0d0e0a0e06068
cju7cq6su27qv075574dir0r3.jpg,94d1120b5b0f6e7b,f89ce4741aaa7870
cju7crgxa28550755wbsgqkel.jpg,de710003cb0f9cfd,f8b8266020646070
cju7csvlb22fr0850lvm45n3x.jpg,94a105567a0d7afe,f4fabaaa28287c78
cju7ctvqn25dy08186g442m1r.jpg,85a116585f17de72,e4ceee7a13297c60
cju7cue9b232j0801qdzk1ykj.jpg,85a5171556565e5b,fce6ebe2d0f0f0f4
cju7cufm7298k0755j09uf3of.jpg,c03f13354eb46adc,e0c0c0e5e2c0f8c0
cju7d1tvt25bu08019dvw3uff.jpg,a53f54c541824ff9,cc2e5fcfce46a4d0
cju7d2q1k27nf08715zshsckt.jpg,dce30094720be6f7,e0a2681814307070
cju7d3oc82cho0755dajlwldz.jpg,c3b5480643373ff8,f0984cccecece0c0
cju7d4jk723eu0817bqz2n39m.jpg,94e10593691f6e6e,c2a8a4b8b9b86864
cju7d5m0p23kn09871rk7pu3v.jpg,9fa14b50641b6bf2,c0ee5f36b0f86860
cju7d6ux323ze0987xos3srkx.jpg,9596125a6a6d7a6a,7cfcbae2e3b2d0c8
cju7d7aut2a2p0818z4uxc6cd.jpg,959510965e1e7a76,fcfe3c76743c7c78
cju7d7tly27h408016fyp5nr7.jpg,c14e068b0bec3fb9,e0c00010100080c0
cju7d8m3b2e210755l8fj1yph.jpg,d49515d553565a6a,fcfeb8f8e0f0e4e0
cju7d9seq29zd0871nzl2uu5m.jpg,d1b51544575a3a9e,ce9a1949cc84d0f0
cju7da88w2eod0755wejzynvt.jpg,f7910462530efe0f,dc98181c0c0c6e6e
cju7db7lp2f400755tntd1ohf.jpg,919d5533447e8a79,fcfeffff9fcf8ec4
cju7dbppn28nx085097654msi.jpg,95e14295551e76ce,e4d8bc3abafc6870
cju7dda8w2br20818zhsuz8s7.jpg,94614ace619577d6,e1c0cceee4e06068
cju7ddtz729960801uazp1knc.jpg,c563109d73d65e1c,c6c3c5ce5662b0f0
cju7deifq2fzn0755lc8idyh8.jpg,94e1158555175afe,c4c3818685ed6c6c
cju7dff9529h208503w60lbil.jpg,84a11d755517d6f2,e6fbede8c8e86868
cju7dglf226g50987ohbthl19.jpg,85971557525a7aca,eceeebe5c89cbaf0
cju7dhpsc2dnn0818025m6857.jpg,94e30007ce2f9af7,c4c4082a2c3c3cb4
cju7dizi82h2i0755doucgnt3.jpg,87611ca1c70778fd,f8f8586062e86868
cju7dlk532dsh0871zvr6qz0r.jpg,b4e15533561972ce,fc9e2f1f0f2f7e7c
cju7dmlgf2ebw0871ieqas5fh.jpg,c4631c25739d6ad3,e0e0e0e0c0e07070
cju7dn24o296i09871qfxb8s2.jpg,96e11722d40d5afb,d4e4e0a68c6d686c
cju7do8c72dbo0801vxfzxdc4.jpg,94c0518fd60d5af7,f8a4b43e2c36767c
cju7dp3dw2k4n0755zhe003ad.jpg,94e15696450fba6d,ecceaee6b66c7e74
cju7dqcwi2dz00850gcmr2ert.jpg,953c52694ed96e91,fcfcfef6f6f8f8f8
cju7druhp2gp308715i6km7be.jpg,94c31781d597d6c3,d8b1712aaab4707c
cju7dsrtb2f8i085064kwugfk.jpg,de6310886b04e7fb,c1880c0141603470
cju7dtb1e2j0t0818deq51ib3.jpg,d4c307fc43a36b86,c0f8d998b4343cfc
cju7dubap2g0w0801fgl42mg9.jpg,9595524e56736aca,fcbe9efeb626aedc
cju7dvl5m2n4t0755hlnnjjet.jpg,d4c1130e4a3f7a6d,f0f0a0a4a0343c74
cju7dwe282dc309876rco45ts.jpg,94e11e00e03d7bef,f8747094c4f07878
cju7dxffn2eam0817qxosfwch.jpg,95e15426560bdab7,c4848aeaacee7a7c
cju7dymur2od30755eg8yv2ht.jpg,c4e11e1ff60c78f0,e4c480a480b07070
cju7dz5yy2i7z0801ausi7rna.jpg,d03f00f81fe67a70,f8f2a4c49090c0c0
cju7ea4om2l910801bohqjccy.jpg,8ce15546961f6af2,e2e293c7c7e17070
cju7ebe962hr409872ovibahw.jpg,94e10b0f55f5171e,d8e1849460787878
cju7ecl9i2i060987xawjp4l0.jpg,852d529649da6adb,f4f6c6e6e6ccecc8
cju7eea9b2m0z0801ynqv1fqu.jpg,824a557956e75b92,c0e3cd8dbddfcecc
cju7efffp2ivf0817etg3jehl.jpg,94e44551541bdef9,f4ae3cbc98397868
cju7ehljc2or70871261br8ai.jpg,95634f9107486bbb,e0e05bf4fcf8f0f0
cju7ejm2l2ncl0801wq6y84nw.jpg,95e11621420f7ff3,dcbe2e6e9e3a7a7c
cju7ekbo32pft0871fv7kzwb9.jpg,9195135356537e4e,fcfefefaf8b8d879
cju7el6xv2k520817qxx9wdr5.jpg,9c6346298c8ddaf5,e1281838323f6e64
cju7emdni2py40871ivhxjtut.jpg,946d456103d17ed7,962c3c3830b0f8fc
cju7eotqi2qea0871y8yc7tqh.jpg,d1f10c0cc606fbe7,9c9c988888f06060
cju7epwj82koz098713apjnzo.jpg,d1c114001f1ff3df,d488884cc8907074
cju7er4kc2opa0801anuxc0eb.jpg,d8f00505d51717fe,de93192020307060
cju7es23b2vcp0755gpbm9s7v.jpg,9c6345859597d2d6,cee31d7cf4f07070
cju7et17a2vjk0755e743npl1.jpg,84e15557e11e7aaa,f0e6c7dbc9e16060
cju7etr3y2p4t0801cdzjj8ab.jpg,dca511d55714f61a,ce8b09202030b038
cju7eueum2oqn0850rodmx8zo.jpg,94c31695531f5ada,f8f0f0d0d0b034bc
cju7ev2b12owa08500bpfpwyw.jpg,c03f1dc6131c5ed3,c4cc9c94cce4c4c0
cju7evxt12m730987rxivne3x.jpg,95b455525ada4ada,fcfef6fbf1f0f0f8
cju7ey10f2rvf0871bwbi9x82.jpg,95a516555a195af9,dc8e0e761e7c7074
cju7ez7r22qbc08015xfoz2wb.jpg,c8c316376c0efa6c,e8d8b9f3b2f06470
cju7ezs7g2mxm098787atbran.jpg,9c610d71d623eae9,d49a1b0c263c6860
cju7f0ec32txj08184asb8w5f.jpg,c4b116d11a1efb1e,f4c682839190e464
cju7f4sc62xqj075597xpmuoy.jpg,de710821e015cff7,b0216c2c0ce06060
cju7f5ghb2r5s0801chwkxxh9.jpg,909575401f73ce73,dcbe79f9f1f1947c
cju7f6cqy2ur20818t1saazbm.jpg,959545f355665649,dcee6c3c380ccec6
cju7f900s2o0k08175gl1giid.jpg,c0b5011f067c3ffa,dc8888a4c0e8c0c0
cju7f9umg2olj0987fj5y285w.jpg,d4e00f4fd4065af6,c08098bc3c306070
cju7fazv92ywx0755xov2erga.jpg,c1361cca1ceb3ed1,f0e0e2e2c0c1e0f0
cju7fbndk2sl608015ravktum.jpg,97e153946a075ada,fcfcf87a74787870
cju7fcgbe2z3p07550vaflqdb.jpg,d7b10444530a6eff,cc9e1e1808646070
cju7fd6yt2p740987wkr8exo1.jpg,c0610f8fe61df4f0,e0c088909cb878f0
cju7fen322ou10817ziqkob4k.jpg,85851555d51656fe,f6e3e1e8f2f36260
cju7ff97z2ow40817u2r83my5.jpg,c13f036c12fc1e79,c0c2a384828692c8
cju7flevb2wii08188otgs9p2.jpg,c1781f217eb73a84,f0f0d4ccc8c8c460
cju7fmvpk2q170987v6i3ola8.jpg,d30350bf0378cff0,d8c8cccc4860b8cc
cju7fnfv02tt90801djnix9m8.jpg,d4c11605531e5aff,f4c080e0c4e4646c
cju7fob3x301u0755x985pmmq.jpg,85b5155552565eda,dcf6f7f0d8c2e4c0
cju7fpfzq2wyf0818xxd1oziv.jpg,8443558a57a95afd,f4f4fbfbe9f9f7f6
cju7fq7mm2pw508176uk5ugtx.jpg,85905435d656fb9a,fceefbff7ff66261
cju7frtqu2xa20818wq8r9fzf.jpg,87711423cb06dbfc,f8ecf46860626460
cju7g7ba42z310987bqzbi2bq.jpg,95e2560550575e5f,f8ab8f9bfafa7e7c
cju83h9ysjwe808716nt35oah.jpg,952815fd15d956b4,76fbf97b3ee8c8cc
cju83ipu3jwpx0801z5pvguf8.jpg,9778460dda3543dc,ecec3c1830627468
cju83k8fyjsxr0817d6nxs6r4.jpg,953850c61ec77ab6,f4fcf8f8ece0e0f4
cju83kxitjv340987z09m0ezy.jpg,d4f10401430f6fff,cc98204888206060
cju83mki1jv5w0817kubxm31r.jpg,95e354a3d81f4ac9,fcfef3f7dffe7eb4
cju83nwu1jxte0987h1krpfmv.jpg,95b541534c6f5a74,ecfcdce6fcd888d4
cju83qd0yjyht0817ktkfl268.jpg,c21a156d54e5da6e,dce9e1e1e163c6ec
cju83rcnzkbsj0755x5anfrcg.jpg,c331067f1b647f90,f0c0c4c0d848e4e0
cju83syhdk6gs0801rf1rekdl.jpg,d4d10444c70b1fff,d4b8d8f8e0206060
cju83u9ftk3ni0987qnhlcinv.jpg,d8612013fb8e0dfd,9190102138383030
cju83vvmik9wa08710yeh7cuk.jpg,91c0559b13874edf,d098c4e8f8f8fcf0
cju83wwn1k55e0850kw6i2d81.jpg,94713fc6e41c1ce3,6cd8b8b0c4e47064
cju83yddek68q0850d2x7zfkm.jpg,c52b507c03fa4fe1,dca24b4b4666a4e8
cju8402x1kcy70801t6kz6bdi.jpg,9561168bd20d6ee7,c4c686123a727274
cju8418jhkf7d0818ga2v0xq0.jpg,9ee1004157176bfb,ccb62d7c78387068
cju8432cmkgq90871cxe4iptl.jpg,c03f249e83e98f6c,d08ca2e1f0b0a0c0
cju843yjskhq30818qre4rwm2.jpg,d48100c51bd7ff1e,c080000000022420
cju846ec0kj7z08012o10klrb.jpg,94c2570a6a2f6e3d,e8c8c8ccbefe7ebc
cju847pxykriq0755268ktrk2.jpg,94730fa1701f7af0,e8e8b8b0b4a06060
cju849c23kgnk0817cgv2hw1e.jpg,953514b706725ee6,e4f6b2dace1c9cf0
cju84aoa3ktwn0755pfl4gfwd.jpg,9ce19621560b6eb7,f0f8b0b094337070
cju84dsvaklpx098750hp83x4.jpg,918e131d56755ada,70f0e8e4f0b29ac8
cju84ffdzkrjn08183jh1fxmb.jpg,b43751534dd45ae2,fcce0f06879dd0d0
cju84gpefknwm098714oq8q61.jpg,d1c10445173b5b7f,f0e098988c92b8fc
cju84hibuktj80871u519o71q.jpg,c03a0d6117557fce,e0e1e1c0c0c0c0e0
cju84ih17kp5l09876bkooocl.jpg,d60d1261165b1fdb,f0f0e0c4c4c4c8cc
cju84jdl9kv0i0871eog9b3i9.jpg,c4c211db16cf6e0f,d0c0e4c464b2f2f4
cju84kplnl1y30755ropua1b0.jpg,c1e835113c8edb75,d282e2e0d8d8c8c4
cju8567gdlcbq0801dwwyo2jt.jpg,d423143b21c6dbfc,ecf0d0c41a39a0f4
cju857ad0l88m0817qx4cwxnf.jpg,813c17944edb3ada,dcc687b3a78ac8d0
cju858eswlepn0871pzvdrhj1.jpg,c44943ad0d9e1ebd,e2c1c0e0e6e6cce8
cju85a8h8llwm07559wxg4t5w.jpg,86611cc7d31e5bc3,c88e97a8e8e86060
cju85bf1algsq0871y9gtlq97.jpg,d23505d90bd66f92,ecdeac78d8c0c8e1
cju85c2d4ln1b0755zz1z3onx.jpg,94e106b1ce17f2f1,e4f26c66b2b8346c
cju85citjlnfm0755i4rk5tqj.jpg,ccf10906f3067bea,c0a4242024a46071
cju85dx63lic408017f0l0400.jpg,c0c2052a1f317fdf,c4c08000a0a3d2e2
cju85fc11ljr40818edpb0inh.jpg,954c66ab8db25bc8,e8f0b8b4b2188cbc
cju85hguellg50818kwu3s8d1.jpg,95b517c05e427acb,dcfebbdc8880e070
cju85ia1slh220987y7c20sm2.jpg,812d15d554d67e4e,f6f361e9e1e0f0f0
cju85je7vlht70817c9jcjwi4.jpg,c43f01de53e44739,e4f6e6e071e484c4
cju85l4yjlops0801fvmnwptf.jpg,c13f05f8168d6ab6,f0d8c8888c93b2d4
cju85mpuglq8k0818d2it6hzb.jpg,d8e04103b70b0fff,80b032383c38b8b8
cju85nr8elly209872w9n5m0s.jpg,cc611e1ffa1c6a70,70e080a1c1e07070
cju85omszllp30850b6rm9mi3.jpg,d7e31087660e5ada,c8dac9c242607070
cju85plp7lmkw0850rx42jdpf.jpg,d5e702586a0a6beb,ecce4e2c24343079
cju85qefyln6v0850szeb9byi.jpg,f56a50bd00b54f6c,980a468e0e0e1ef8
cju85rkbnlo1c08503uxcpax1.jpg,8d63059456336ef9,e2c3433933b37870
cju87kbcen2av0987usezo8kn.jpg,de7100827b19cfe6,d8b8303061703070
cju87li0zn3yb0817kbwgjiz8.jpg,87311157731f4af8,fcfef66644e46260
cju87mrypnb1e0818scv1mxxg.jpg,95e11787c29e1a76,e4c6bef0f4787878
cju87nkyrnb970801q84m47yt.jpg,812a057d4fd57ec4,f2f1f5d0e292c8e4
cju87ox0kncom0801b98hqnd2.jpg,d4f00143d3074fdf,cc9636b0d0e03070
cju87q6yoneim0871dl4phvkd.jpg,94e1455151170fff,8cb271bc9cfc7860
cju87r56lnkyp0755hz30leew.jpg,95e43f0770de4718,cc8e8c84d0e8703c
cju87tyddnnad0755bj0wxahe.jpg,95f540004b959f7f,903c7c767cfc3c7c
cju87vqa0ndwg0850onjdz7ol.jpg,c7300fdff80630ea,78f8cc8688606060
cju87xn2snfmv0987sc3d9xnq.jpg,c4911f62682dd7d3,e0fce48385e62ae4
cju87z6o6nh73085045bzsx6o.jpg,9f630825f72fd860,66c1514e2e366270
cju87zv8lni0o0850hbbecbq6.jpg,9ff7080063156bf3,f0707c7c7c707070
cju8828oxnool0801qno9luhr.jpg,c4e10b851776ce9d,c080848cb0c4e0f0
cju884985nlmx0817vzpax3y4.jpg,c07e02a00fb17f6f,e0a028d0e0d0d0e0
cju885ikhnmkn09878s2lqtuh.jpg,c19701d7005b377f,c0604090809890d1
cju886ryxnsl50801r93jai7q.jpg,946116c65a1e7be3,f4fc5070e0e07070
cju887ftknop008177nnjt46y.jpg,85b5155456d65aea,fcdedbdbeec0e0f0
cju888fr7nveu0818r9uwtiit.jpg,d4b641c9149757d6,c48e0c0c2c0582c4
cju88aq6vo1ij0755c2ey7z7n.jpg,d0fd41821fdd7053,f4821c3c3c9cd0d0
cju88cddensj00987788yotmg.jpg,95614e5b734c32a7,78fafef858787064
cju88evxanv9r08176zkeovec.jpg,959d504a4b6d6e27,f0b81e326ba98cc4
cju88fpm4o0tl0871w1i6a4ds.jpg,958514df5e1afa0a,fcfeff7773393c36
cju88gx09o2vk0818610zody3.jpg,94611d23521f6ef9,c883070c0f667c74
cju88itqbny720987hxizbj5y.jpg,d01e40de03fc4f73,ecfc78f868a098d8
cju88k75inzyb0850ccv5x3vk.jpg,979cce646c177268,7cfc3c6e16cc68e0
cju88l66no10s0850rsda7ej1.jpg,815955ab55754ad5,d0da8787c7c7c6c4
cju88msmoo3470817m441j4sg.jpg,95a554175315d6da,eefeb6ae8c6e6c78
cju88nroho44508500129f1nh.jpg,84c107125e1f7afe,e0e0e0f0b0b86464
cju88oh0po9gq0801nge4tgr1.jpg,94611cf5420dfaf6,d4f667e6c4f07070
cju88q6h6obpd0871ckmiabbo.jpg,c8e11555551f4afa,f2e3c1e1c0e06060
cju88rl5eo94l0850kf5wtrm1.jpg,94d10747721e5af3,f8f0f8f0f0606068
cju88t4fvokxf07558ymyh281.jpg,94a11e16631e7ef2,f4f8f8f8c8f030b0
cju88trl3ogi208716qvti51b.jpg,95b4565554427aeb,fcfefffff2fa78f0
cju88v2f9oi8w0871hx9auh01.jpg,c0f10e03c31f5bf3,d0909998d8e86c64
cju88vx2uoocy075531lc63n3.jpg,c03f066673f86e70,7cf0b890c4e0e0e0
cju88y1mwoln50871emyfny1g.jpg,cc611e8fc90e3acb,f0e4c4c2f2f06070
cju88z8bson4h0871nnd7fdxo.jpg,8ce1168e479b6c76,d0e8b0d2e2b37864
cju890guyoiti098753yg6cdu.jpg,9ce10409d613deef,d0b228b898b07860
cju8914beokbf0850isxpocrk.jpg,c11b416e096e5bed,f0f0f0d09324e6c0
cju892fesoq2g0801n0e0jyia.jpg,8e7861a3d6952a9d,e0c1b060686f6260
cju893jmdompz0817xn3g1w4h.jpg,94e11203570fdafd,e0a42666267e7e64
cju89y9h0puti0818i5yw29e6.jpg,c41b046a176fda6d,e8b8484c8c8986e4
cju89z6pqpqfx0817mfv8ixjc.jpg,c4e10705d71edada,c4c2818080a06060
cju8a1jtvpt9m081712iwkca7.jpg,a17a50a705dacbf8,e48e131f0f0f8ec4
cju8a2itsq4dv0755ntlovpxe.jpg,9661542c623dce7e,fcf87c5cece47464
cju8a3nhbpwnb0850d37fo2na.jpg,c1c1141e127fdb79,e0c6d283830382c6
cju8a56vxpy780850r45yu4wk.jpg,c1b50d5247517e5b,cc8c8888c0a0c1e2
cju8a84g0q76m0818hwiggkod.jpg,96930fcc620e7a7c,60f8f8ecece86060
cju8abobpqbir08189u01huru.jpg,95e11421da176afe,fcae2e3b373e7a70
cju8adb60qbiu080188mxpf8d.jpg,d43f00e712fc6f60,e8e030390b06a0f0
cju8aeei7q8k308173n9y4klv.jpg,c59d00765f573ac2,e4e686c6c686c6c4
cju8aj01yqeqm0850lhdz3xdw.jpg,95e40197ce071bf6,c088103028381c1c
cju8alhigqn2h0801zksudldd.jpg,81b5455e157976b1,fcfedffefcc5c3c2
cju8amfdtqi4x09871tygrgqe.jpg,946116c65a1e7be3,f4fc5070e0e07070
cju8ando2qqdo0818ck7i1be1.jpg,9569560a56a45bcf,f8fad2d6c6eefefc
cju8apjewqrk00801k5d71gky.jpg,d5621185e609eef5,c980000004301238
cju8aqq8uqmoq0987hphto9gg.jpg,94e114d7521e4bdb,dc9e9bd9d9e06c7c
cju8arof2qpf20850ifr1bnqj.jpg,962415d6561b5afa,6ceedfffe46c7878
cju8ashhnquqr0801rwduzt7d.jpg,c07a15ee56294aed,f0e0c181e1e3c2cc
cju8at3s1qqqx0850hcq8nmnq.jpg,9c635c2b522c1b77,e8e8521c3c3ab6b8
cju8auylgqx0z0871u4o4db7o.jpg,95731464d61d7ae4,cc9a9bda5c7d7674
cju8aw9n1qyg10801jkjlmors.jpg,8de1155554157bb3,f2e3cbe7a3f07c70
cju8axq24r4an0755yhv9d4ly.jpg,c4c31f09631e7ae9,e8e0e4ccd0b038f0
cju8ayeq7r1fb0818z1junacy.jpg,c53f0ee55ad46a90,f4f0f0e4e8e0f0f0
cju8azmhcr66e0755t61atz72.jpg,97304738d80f5aed,fcecdcd89cf86870
cju8b0jr0r2oi0801jiquetd5.jpg,953355c643f45ac9,fcdcbcfcfaf0f0f0
cju8b1v3br45u087189kku66u.jpg,966110967b0f63e7,f8f0e0f9787c7878
cju8b2rmgr52s0801p54eyflx.jpg,86b115575a5e6a6a,fcfeb3f1c9e46060
cju8b3ka8r64u0801fh18hk7l.jpg,c0dfc5c007cf7b60,e0808b228c98a2c4
cju8b4ja9r2s808509d45ma86.jpg,87a51516d670da73,ece6434749799ec4
cju8b542nr81x0871uxnkm9ih.jpg,9c610081c31f7ffb,c0a63c7c58747070
cju8b5p40r2c60987ofa0mu03.jpg,c06b0bad2db4de64,f2f9e8f0e4e0e8e0
cju8b6rp0r5st0850184f79xt.jpg,96e044955397ceda,9c0e4d4c7c7a7c7c
cju8b7aqtr4a00987coba14b7.jpg,c0e10515551f5ff3,c0a3838181e16060
cju8b8yair65w09878pyqtr96.jpg,d53e00384b4c1ffb,c8ac6c444c78f0c0
cju8bafgqrf4x0818twisk3ea.jpg,d7610d2df40526b7,c2d1d8f87870786c
cju8bbznkrf5g0871jncffynk.jpg,853842c77a1d73ce,f8f8b8f070c0e0c8
cju8bff9nrfi10850fmfzbf8v.jpg,957a469c72a75a64,f8f8fcfcfaf0f0d0
cju8bgdmqrksy0801tozdmraa.jpg,c13e43ea0be86ea5,c0f8bcfce0d0f0f0
cju8bh8surexp0987o5pzklk1.jpg,d0b521d617c13f71,fcfe18f0303881c2
cju8bi8q7rlmn0871abc5ch8k.jpg,96e11c09521e7afb,fcecccccd8787074
cju8bj2ssrmlm0871gc2ug2rs.jpg,c095137e5f525b58,f0f0f0e0e0e0a8d8
cju8bk8oirjhw0817hgkua2w8.jpg,c7d31e36702d6961,ece8d2c2c0e46470
cju8bljw9rqk20801kr54akrl.jpg,c027077a1a7f6bd0,ccc486aa989aa0e0
cju8bm24yrrdp081829mbo8ic.jpg,95c34429510d5eff,f0f87c7c5a7e7e7c
cju8bn7m2rmm70817hgxpb1uq.jpg,95e3140a520f6aff,e0f076760c746e6c
cju8bop5jrsid08716i24fqda.jpg,94e1156b562fca65,dcfcf4eccce8767c
cju8bpctzrqkr0850zeldv9kt.jpg,94d94002071f5fff,d09c30580c267e7c
cju8bqxxurs6i0850mu7mtef9.jpg,d494025a16b72fbd,fcac060c048080c0
cju8brv16rx7f0818uf5n89pv.jpg,853d153555d5da16,d6f3b1a0e4e8e0e0
cju8bssulrrcy0987h1vq5060.jpg,813e5f801fd16ef0,f0f0e3eac6c2d0e0
cju8buos5rz9b08715lfr0f4f.jpg,9d95006557115faf,debf31383a373330
cju8bw697rwg308177tg8huas.jpg,9f620021cf0776ef,f0b86464763c3830
cju8bysfgrzkl081786jwac09.jpg,d06e05b893217fe5,e0808298b8b8f0f0
cju8bzzy2s66m08016z6mouqt.jpg,d16b42a807b41fdb,c1d0d8e6f0f0b0f8
cju8c1a0ws7o208181c6lbsom.jpg,94f10001431f7fff,dc9c3c787872606c
cju8c2rqzs5t80850d0zky5dy.jpg,90c0521e2e9d6ebf,d8988c9ebebcb838
cju8c3xs7sauj0801ieyzezr5.jpg,c5e51212c21bdbcf,c4e646c2e6e43070
cju8c5223s8j80850b4kealt4.jpg,9525145556d57ada,c6ce8fdcf0f8f8f8
cju8c5mxls96t0850wvkvsity.jpg,c463049e731afaf1,e0e2c04042663464
cju8c5zcbsdfz0801o5t6jag1.jpg,d4e10805331f5bef,c080189c86e260f0
cju8c6hnxsdvr0801wn0vrsa6.jpg,95635cd1510f76c9,cecfaf9eda7c7070
cju8c82iosagu0817l74s4m5g.jpg,94635586560f7af1,dcde9befec747e7c
cju8c9akjsdjj0850s67uzlxq.jpg,d13f04bc01fd07f4,ccec5a9a98f0b0e0
cju8ca4geseia0850i2ru11hw.jpg,95b5545452567a9e,fcfe6a6cf8faf0f0
cju8cattbsivm0818p446wgel.jpg,d4611e92f30d72ec,ece4e2d0d0707070
cju8cbsyssiqj0871gr4jedjp.jpg,9b6c9629143b5d2e,ece567a35bdb99d8
cju8cdeazsm8h0801jxifmzur.jpg,c4e10699ca07cef7,e0c0c6cbb1b06064
cju8ceacrsqkr0755hdz145es.jpg,87705f3d782d18f0,7ceeecfcf8e06060
cju8cgi2kspp308011nxdtjp6.jpg,9a934ce6720f6ad2,78f8f83898e87070
cju8chdlqsu620755azjty1tj.jpg,94b114c4570f76eb,fcbc5ffeee6c7274
cju8chxndsre008015uisl4si.jpg,85b515d452da5b8e,dcaec743c0d0e0f0
cju8cj10qsrau0871o2dr6ai1.jpg,c4c11601731fcfcf,d0a0a080c0646464
cju8clorgsuwn08714toqb7v6.jpg,c46f042e15b953f5,e4e4c8a864e1b2f0
cju8cwy02t9eq08185qn12c02.jpg,9ce1040b620f6eff,e0b03088d8f07060
cju8czvnztbf40871b4m7t78w.jpg,94e35594521b5adb,fcf65bf5f470366c
cju8d2q30tfhs0801n7lx77xl.jpg,d5630280e30f67f7,c99c40220cec3478
cju8d4jgatgpj0871q2ophhkm.jpg,94750661f21e6af3,ec3e2c2c1c3c7070
cju8dic9mtppa0987swn23wbc.jpg,c03f00fc03fcef70,e0c08c0c040680c0
cju8djdqztu6408506pzhlo18.jpg,949215555a0f7e79,fceceeed8ce66660
cju8dk7eztzup08182yxko5zh.jpg,c5851553574f4e1e,d496a783a38b82e0
cju8dm2cau2km0818jsv9eeq2.jpg,8c7314255a0d6bf7,f0e0cbd363e66660
cju8dn0c3u2v50801k8rvq02f.jpg,c53610cb073d4e7b,e088a6e2c2c392d4
cju8doa16u5gh0818w1ywda3q.jpg,d433007f1ffb5a80,7cfc9406020082e4
cju8dpa89u6l80818dj6lldh9.jpg,8525145556d77ada,c6a6134f66f2f8fc
cju8dqkrqu83i0818ev74qpxq.jpg,f47d407880136fcf,9c3a4edc252bbcc0
cjyzjzssvd8pq0838f4nolj5l.jpg,90204f1b1adf6bf8,dc9c9c9c98989ca4
cjyzk8qieoboa0848ogj51wwm.jpg,c00f3f3d62d82dc3,f8ccc080c4d09080
cjyzkmjy8evns070165gf9dmq.jpg,c0943f5a6e61396b,fcfccec4a080c0c0
cjyzkpsbjdsjq07211dfi4sru.jpg,d0840b1f3e72696f,e8e084a8b0909890
cjyzl833ndne80838pzuq6ila.jpg,c0c5372b6ed36d18,c0c0b0e0b0d0d8fc
cjyzlw7f9faqr070129au64sq.jpg,d4231b6f22dc6af0,dcdcb4a484a0b0ec
cjyztzaqtrv430848l8xgcerw.jpg,d0650f1d3eb22ed8,d090888cb8b098b8
cjyzu3reghjya0794w7pwoi50.jpg,c4874e5c38b93b72,e4e4ccccc4a0a0b0
cjyzu9th0qt4r0a46pyl4zik0.jpg,d0371e776a6a68c8,fcfcb8989880a0b0
cjyzufihqquiw0a46jatrbwln.jpg,95676e9326496bb0,f0e4daf4fcf8f0f0
cjyzuio1qgh040763k56deohv.jpg,c0893e3e2b743f70,f0c0c0e0e4a48cac
cjyzul1qggwwj07216mhiv5sy.jpg,87c73c1e1c3978cc,60604060e4e86064
cjyzurzvohqnr0794es1itzek.jpg,d41d1a707a6369e6,f4f6622aaa92c4a0
cjz14qsk2wci60794un9ozwmw.jpg,c062078f191d3ffc,e4a8a6b0a0a4a4c0
ck2395w2mb4vu07480otsu6tw.jpg,d02d1fd26bc42fd0,f0f0848088a8b0b8
ck2bxiswtxuw80838qkisqjwz.jpg,f19c015790727fd8,fcba0c1c180c88c0
ck2bxknhjvs1x0794iogrq49k.jpg,94e0530f46356eb7,c09294a6e4703c7c
ck2bxlujamu330725szlc2jdu.jpg,c03f1fc02ed33cca,c4c48e868080c8e0
ck2bxpfgxu2mk0748gsh7xelu.jpg,95cb5429562ddaa5,e0f87a783f3f7e6c
ck2bxqz3evvg20794iiyv5v2m.jpg,94237a9d4dcc2ec6,e8ccece0f0f0b0b0
ck2bxskgxxzfv08386xkqtqdy.jpg,96b055c754156a6f,fcfcbdbc7de96870
ck2bxw18mmz1k0725litqq2mc.jpg,c1f81f8120ff7f04,d0c0008082426060
ck2da7fwcjfis07218r1rvm95.jpg,956b5ab52d9922d4,e0d8f2f2f6aeb8f0